log_id,ip_address,port,packet_size,intrusion_attempt
LOG5000,192.168.227.192,80,2613,0
LOG5001,192.168.31.242,80,1873,0
LOG5002,192.168.23.102,80,1196,0
LOG5003,192.168.154.81,443,1028,0
LOG5004,192.168.236.74,3389,2051,0
LOG5005,192.168.47.28,443,2073,0
LOG5006,192.168.100.239,8080,1654,0
LOG5007,192.168.20.92,22,2878,0
LOG5008,192.168.186.88,3389,4521,0
LOG5009,192.168.56.16,22,1094,0
LOG5010,192.168.18.81,8080,712,0
LOG5011,192.168.253.170,8080,2693,0
LOG5012,192.168.83.145,22,695,0
LOG5013,192.168.52.21,22,941,0
LOG5014,192.168.221.193,22,4539,0
LOG5015,192.168.131.227,8080,958,0
LOG5016,192.168.182.222,80,544,0
LOG5017,192.168.81.38,22,1888,0
LOG5018,192.168.152.151,3389,4417,0
LOG5019,192.168.99.114,8080,3554,0
LOG5020,192.168.181.124,443,4052,0
LOG5021,192.168.245.92,443,4787,0
LOG5022,192.168.71.93,3389,1130,0
LOG5023,192.168.58.174,80,1395,0
LOG5024,192.168.115.2,22,2163,0
LOG5025,192.168.13.45,8080,1547,0
LOG5026,192.168.249.242,22,2145,0
LOG5027,192.168.0.154,8080,4719,0
LOG5028,192.168.6.66,443,2950,0
LOG5029,192.168.134.59,22,3924,0
LOG5030,192.168.252.47,3389,2168,0
LOG5031,192.168.247.71,80,3861,0
LOG5032,192.168.12.86,3389,2375,0
LOG5033,192.168.94.185,80,1908,0
LOG5034,192.168.88.182,22,1411,0
LOG5035,192.168.5.190,22,4155,0
LOG5036,192.168.177.118,80,2551,0
LOG5037,192.168.145.89,443,1189,0
LOG5038,192.168.3.210,8080,1772,0
LOG5039,192.168.204.60,3389,3775,0
LOG5040,192.168.221.211,3389,4632,0
LOG5041,192.168.4.167,3389,4454,0
LOG5042,192.168.196.72,22,2103,0
LOG5043,192.168.95.62,3389,4298,0
LOG5044,192.168.191.42,8080,4964,0
LOG5045,192.168.80.127,8080,1224,0
LOG5046,192.168.61.174,80,1321,0
LOG5047,192.168.247.147,22,2960,0
LOG5048,192.168.234.186,8080,2373,0
LOG5049,192.168.175.226,443,3090,0
LOG5050,192.168.3.176,22,2610,0
LOG5051,192.168.203.96,22,336,0
LOG5052,192.168.164.255,8080,1244,0
LOG5053,192.168.137.224,443,3353,0
LOG5054,192.168.228.149,80,3882,0
LOG5055,192.168.30.131,8080,866,0
LOG5056,192.168.179.177,443,2781,0
LOG5057,192.168.240.20,22,2765,0
LOG5058,192.168.159.59,443,1859,0
LOG5059,192.168.141.186,22,3591,1
LOG5060,192.168.122.104,8080,2915,0
LOG5061,192.168.36.95,8080,3613,0
LOG5062,192.168.37.85,3389,595,0
LOG5063,192.168.47.9,3389,3280,0
LOG5064,192.168.170.205,3389,4030,0
LOG5065,192.168.225.28,8080,2172,0
LOG5066,192.168.89.180,80,437,0
LOG5067,192.168.4.15,8080,4049,0
LOG5068,192.168.59.132,443,3208,0
LOG5069,192.168.209.32,8080,1917,0
LOG5070,192.168.84.40,8080,236,0
LOG5071,192.168.227.133,22,2655,0
LOG5072,192.168.119.234,22,4515,0
LOG5073,192.168.24.30,22,1015,0
LOG5074,192.168.197.151,8080,3638,0
LOG5075,192.168.133.190,80,2200,0
LOG5076,192.168.3.26,443,3007,0
LOG5077,192.168.218.64,443,3014,0
LOG5078,192.168.226.236,80,2082,0
LOG5079,192.168.225.13,80,3970,0
LOG5080,192.168.111.137,443,4628,0
LOG5081,192.168.210.212,3389,3667,0
LOG5082,192.168.172.88,22,1098,0
LOG5083,192.168.166.94,22,2247,0
LOG5084,192.168.218.6,443,4794,0
LOG5085,192.168.8.32,80,495,0
LOG5086,192.168.102.207,3389,3698,0
LOG5087,192.168.135.137,443,4610,0
LOG5088,192.168.136.111,22,1038,0
LOG5089,192.168.175.137,8080,1736,0
LOG5090,192.168.52.184,80,2824,0
LOG5091,192.168.7.112,8080,2610,0
LOG5092,192.168.20.178,443,4736,0
LOG5093,192.168.146.70,22,1749,0
LOG5094,192.168.202.26,3389,3790,0
LOG5095,192.168.78.251,8080,3535,0
LOG5096,192.168.89.105,3389,3301,0
LOG5097,192.168.120.115,22,4279,0
LOG5098,192.168.5.85,8080,4466,0
LOG5099,192.168.65.47,3389,2391,0
LOG5100,192.168.8.10,3389,4583,0
LOG5101,192.168.70.183,8080,313,0
LOG5102,192.168.70.243,22,3337,0
LOG5103,192.168.14.65,3389,3962,0
LOG5104,192.168.59.154,443,158,0
LOG5105,192.168.238.149,8080,3030,0
LOG5106,192.168.241.97,80,3071,0
LOG5107,192.168.201.249,80,1627,0
LOG5108,192.168.103.238,22,222,0
LOG5109,192.168.2.200,443,3819,0
LOG5110,192.168.90.77,3389,1536,0
LOG5111,192.168.114.185,80,1262,0
LOG5112,192.168.226.92,22,3400,0
LOG5113,192.168.220.199,443,3445,0
LOG5114,192.168.25.91,443,2586,0
LOG5115,192.168.68.254,22,661,0
LOG5116,192.168.237.224,22,4081,0
LOG5117,192.168.126.129,3389,1837,0
LOG5118,192.168.149.75,22,1004,0
LOG5119,192.168.56.35,3389,3654,0
LOG5120,192.168.127.172,3389,4590,0
LOG5121,192.168.206.97,8080,1826,0
LOG5122,192.168.105.183,443,3023,0
LOG5123,192.168.170.253,443,3631,0
LOG5124,192.168.168.64,443,4006,0
LOG5125,192.168.60.159,8080,1034,0
LOG5126,192.168.2.78,3389,174,0
LOG5127,192.168.40.171,3389,394,0
LOG5128,192.168.129.182,22,120,0
LOG5129,192.168.152.217,8080,3342,0
LOG5130,192.168.248.88,22,1138,0
LOG5131,192.168.192.11,8080,4755,0
LOG5132,192.168.145.198,22,1209,0
LOG5133,192.168.154.205,80,3871,0
LOG5134,192.168.100.38,443,471,0
LOG5135,192.168.9.22,443,1274,0
LOG5136,192.168.32.31,3389,1264,0
LOG5137,192.168.50.119,80,1192,0
LOG5138,192.168.23.253,443,1383,0
LOG5139,192.168.169.96,3389,2111,0
LOG5140,192.168.107.40,80,945,0
LOG5141,192.168.244.82,443,2091,0
LOG5142,192.168.123.227,22,620,0
LOG5143,192.168.108.70,8080,4566,0
LOG5144,192.168.133.154,80,4296,0
LOG5145,192.168.100.154,3389,4856,0
LOG5146,192.168.128.127,80,342,0
LOG5147,192.168.232.204,3389,2900,0
LOG5148,192.168.68.244,80,4707,0
LOG5149,192.168.28.128,3389,2996,0
LOG5150,192.168.132.96,443,2702,0
LOG5151,192.168.57.145,22,2373,0
LOG5152,192.168.69.21,443,1641,0
LOG5153,192.168.235.215,22,2865,0
LOG5154,192.168.37.234,443,2214,0
LOG5155,192.168.132.16,443,4591,0
LOG5156,192.168.188.205,80,4807,0
LOG5157,192.168.247.62,8080,3183,0
LOG5158,192.168.114.82,3389,1957,0
LOG5159,192.168.54.56,3389,869,0
LOG5160,192.168.36.34,3389,1522,0
LOG5161,192.168.252.132,22,506,0
LOG5162,192.168.81.237,3389,3072,0
LOG5163,192.168.215.34,3389,1972,0
LOG5164,192.168.94.146,80,2794,0
LOG5165,192.168.17.60,443,2369,0
LOG5166,192.168.34.175,3389,4849,0
LOG5167,192.168.141.222,8080,1281,0
LOG5168,192.168.126.174,3389,1539,0
LOG5169,192.168.128.98,22,3153,0
LOG5170,192.168.206.95,22,3433,0
LOG5171,192.168.188.5,22,2997,0
LOG5172,192.168.131.254,3389,3003,0
LOG5173,192.168.96.151,80,328,0
LOG5174,192.168.246.24,8080,4059,0
LOG5175,192.168.135.116,3389,1993,1
LOG5176,192.168.63.63,80,1413,0
LOG5177,192.168.248.38,80,1170,0
LOG5178,192.168.155.200,3389,1074,0
LOG5179,192.168.209.46,3389,1838,0
LOG5180,192.168.105.221,80,3385,0
LOG5181,192.168.92.240,80,857,0
LOG5182,192.168.36.118,80,3195,0
LOG5183,192.168.130.65,3389,420,0
LOG5184,192.168.158.63,80,2421,0
LOG5185,192.168.146.222,22,655,0
LOG5186,192.168.227.112,3389,1486,0
LOG5187,192.168.90.231,22,4863,0
LOG5188,192.168.8.225,443,3147,0
LOG5189,192.168.89.86,3389,2527,0
LOG5190,192.168.26.188,443,2104,0
LOG5191,192.168.246.19,80,2030,0
LOG5192,192.168.181.99,80,4941,0
LOG5193,192.168.15.134,8080,4870,0
LOG5194,192.168.89.17,80,2263,0
LOG5195,192.168.195.167,443,3967,0
LOG5196,192.168.165.106,80,2526,0
LOG5197,192.168.254.243,3389,3893,0
LOG5198,192.168.27.98,80,2613,0
LOG5199,192.168.221.133,8080,3903,0
LOG5200,192.168.24.3,80,2427,0
LOG5201,192.168.200.184,443,717,0
LOG5202,192.168.89.185,443,2265,0
LOG5203,192.168.85.120,80,3408,0
LOG5204,192.168.8.127,443,1092,0
LOG5205,192.168.54.72,443,1477,0
LOG5206,192.168.65.130,8080,4481,0
LOG5207,192.168.108.45,3389,3274,0
LOG5208,192.168.24.251,8080,4882,0
LOG5209,192.168.158.111,22,1405,0
LOG5210,192.168.220.127,8080,4933,0
LOG5211,192.168.66.237,80,3178,0
LOG5212,192.168.38.118,3389,2786,0
LOG5213,192.168.139.88,80,3083,0
LOG5214,192.168.73.129,22,2623,0
LOG5215,192.168.47.130,3389,3682,0
LOG5216,192.168.77.251,443,1585,0
LOG5217,192.168.241.73,8080,2200,0
LOG5218,192.168.247.8,80,4681,0
LOG5219,192.168.129.150,22,3815,0
LOG5220,192.168.132.245,443,2101,0
LOG5221,192.168.183.232,8080,1487,0
LOG5222,192.168.137.94,443,3283,0
LOG5223,192.168.84.50,8080,1130,0
LOG5224,192.168.92.126,3389,1865,0
LOG5225,192.168.82.53,443,4863,0
LOG5226,192.168.172.166,443,1320,0
LOG5227,192.168.168.165,443,3906,0
LOG5228,192.168.91.6,3389,2514,0
LOG5229,192.168.234.204,22,4445,0
LOG5230,192.168.203.106,8080,1718,0
LOG5231,192.168.9.237,443,1363,0
LOG5232,192.168.67.244,3389,971,0
LOG5233,192.168.61.107,22,934,0
LOG5234,192.168.219.33,8080,2922,0
LOG5235,192.168.1.101,3389,1018,0
LOG5236,192.168.155.122,8080,1824,0
LOG5237,192.168.133.35,443,2513,0
LOG5238,192.168.238.118,22,1413,0
LOG5239,192.168.47.141,3389,4598,0
LOG5240,192.168.55.39,22,2205,0
LOG5241,192.168.94.130,443,2668,0
LOG5242,192.168.74.135,22,1238,0
LOG5243,192.168.248.175,22,309,0
LOG5244,192.168.208.122,80,1164,0
LOG5245,192.168.211.165,22,2320,0
LOG5246,192.168.226.66,8080,333,0
LOG5247,192.168.231.93,3389,892,0
LOG5248,192.168.179.183,80,3210,0
LOG5249,192.168.65.153,3389,2266,0
LOG5250,192.168.154.88,3389,434,0
LOG5251,192.168.112.178,443,1459,0
LOG5252,192.168.48.200,443,1314,0
LOG5253,192.168.76.12,80,4519,0
LOG5254,192.168.166.75,443,383,0
LOG5255,192.168.149.75,443,312,0
LOG5256,192.168.6.174,443,1758,0
LOG5257,192.168.81.216,3389,4178,0
LOG5258,192.168.22.118,80,4947,0
LOG5259,192.168.153.209,3389,1517,0
LOG5260,192.168.158.80,8080,2486,0
LOG5261,192.168.162.43,3389,1894,0
LOG5262,192.168.159.156,8080,204,0
LOG5263,192.168.39.115,22,4965,0
LOG5264,192.168.176.126,22,3993,0
LOG5265,192.168.193.139,8080,3945,0
LOG5266,192.168.46.29,8080,3790,0
LOG5267,192.168.86.33,3389,3392,0
LOG5268,192.168.185.75,8080,478,0
LOG5269,192.168.107.181,80,3393,0
LOG5270,192.168.229.145,22,3429,0
LOG5271,192.168.236.45,22,4908,0
LOG5272,192.168.224.119,8080,3538,0
LOG5273,192.168.136.48,443,324,0
LOG5274,192.168.190.199,443,837,0
LOG5275,192.168.219.248,8080,335,0
LOG5276,192.168.84.170,80,4378,0
LOG5277,192.168.105.2,443,811,0
LOG5278,192.168.112.78,8080,1988,0
LOG5279,192.168.204.90,80,4818,0
LOG5280,192.168.133.59,80,1359,0
LOG5281,192.168.213.12,3389,848,0
LOG5282,192.168.145.147,80,4086,0
LOG5283,192.168.57.37,443,3651,0
LOG5284,192.168.171.236,443,609,0
LOG5285,192.168.161.240,8080,1923,0
LOG5286,192.168.152.215,8080,4980,0
LOG5287,192.168.190.199,80,3041,0
LOG5288,192.168.69.59,22,4332,0
LOG5289,192.168.150.225,3389,2234,0
LOG5290,192.168.121.181,22,1877,0
LOG5291,192.168.129.166,80,1322,0
LOG5292,192.168.89.115,80,3767,0
LOG5293,192.168.100.221,22,1877,0
LOG5294,192.168.66.99,3389,1404,0
LOG5295,192.168.120.129,22,4959,0
LOG5296,192.168.104.44,8080,801,0
LOG5297,192.168.54.69,443,3089,0
LOG5298,192.168.13.248,8080,251,0
LOG5299,192.168.138.150,443,1425,0
LOG5300,192.168.2.18,80,1401,0
LOG5301,192.168.248.55,3389,3822,0
LOG5302,192.168.91.225,22,1811,0
LOG5303,192.168.174.209,3389,906,0
LOG5304,192.168.159.170,22,4430,0
LOG5305,192.168.219.145,8080,2822,0
LOG5306,192.168.68.29,8080,4756,0
LOG5307,192.168.129.235,22,1425,0
LOG5308,192.168.159.148,3389,4233,0
LOG5309,192.168.19.222,22,1259,0
LOG5310,192.168.58.11,80,2969,0
LOG5311,192.168.36.141,8080,4616,0
LOG5312,192.168.25.241,80,1342,0
LOG5313,192.168.115.174,8080,447,0
LOG5314,192.168.220.70,8080,1931,0
LOG5315,192.168.147.237,443,1669,0
LOG5316,192.168.231.243,80,4035,0
LOG5317,192.168.55.26,80,2018,0
LOG5318,192.168.152.188,443,3332,0
LOG5319,192.168.37.131,3389,3858,0
LOG5320,192.168.139.52,80,2455,0
LOG5321,192.168.198.166,22,1497,0
LOG5322,192.168.115.31,443,2880,0
LOG5323,192.168.210.13,80,1924,0
LOG5324,192.168.176.182,3389,2591,1
LOG5325,192.168.91.194,80,4160,0
LOG5326,192.168.187.233,8080,504,0
LOG5327,192.168.158.216,22,1821,0
LOG5328,192.168.116.232,443,2925,0
LOG5329,192.168.236.19,8080,3945,0
LOG5330,192.168.28.140,3389,4310,0
LOG5331,192.168.78.68,8080,3292,0
LOG5332,192.168.228.247,8080,164,0
LOG5333,192.168.175.138,3389,1399,0
LOG5334,192.168.217.78,8080,1515,0
LOG5335,192.168.186.104,443,3693,0
LOG5336,192.168.252.162,80,1068,0
LOG5337,192.168.154.243,8080,468,0
LOG5338,192.168.5.88,443,332,0
LOG5339,192.168.196.159,80,2342,0
LOG5340,192.168.238.107,80,3183,0
LOG5341,192.168.111.57,8080,1020,0
LOG5342,192.168.61.167,443,788,0
LOG5343,192.168.58.179,8080,4372,0
LOG5344,192.168.8.57,3389,1569,0
LOG5345,192.168.23.217,80,4825,0
LOG5346,192.168.29.164,8080,4359,0
LOG5347,192.168.197.148,80,3722,0
LOG5348,192.168.5.176,443,2200,0
LOG5349,192.168.80.240,22,2365,0
LOG5350,192.168.27.34,8080,3889,0
LOG5351,192.168.137.160,8080,923,0
LOG5352,192.168.204.229,80,3531,0
LOG5353,192.168.191.12,443,4251,0
LOG5354,192.168.207.105,3389,4313,0
LOG5355,192.168.100.148,443,897,0
LOG5356,192.168.152.174,8080,879,0
LOG5357,192.168.249.14,3389,2950,0
LOG5358,192.168.247.24,443,2992,0
LOG5359,192.168.121.202,22,1993,0
LOG5360,192.168.222.13,80,3406,0
LOG5361,192.168.28.176,443,3002,0
LOG5362,192.168.162.8,443,4903,0
LOG5363,192.168.169.92,22,3818,0
LOG5364,192.168.237.230,8080,121,0
LOG5365,192.168.135.254,80,1600,0
LOG5366,192.168.148.19,443,942,0
LOG5367,192.168.78.115,3389,1860,0
LOG5368,192.168.245.88,443,3741,0
LOG5369,192.168.50.156,80,291,0
LOG5370,192.168.98.111,443,495,0
LOG5371,192.168.223.17,22,4762,0
LOG5372,192.168.30.139,443,4426,0
LOG5373,192.168.196.3,443,973,1
LOG5374,192.168.210.65,3389,2721,0
LOG5375,192.168.5.86,22,4435,0
LOG5376,192.168.140.236,22,189,0
LOG5377,192.168.232.85,443,2379,0
LOG5378,192.168.214.101,3389,556,0
LOG5379,192.168.158.17,443,2380,0
LOG5380,192.168.6.145,443,4549,0
LOG5381,192.168.16.249,80,1104,0
LOG5382,192.168.112.211,80,4634,0
LOG5383,192.168.169.247,3389,444,0
LOG5384,192.168.23.253,8080,2811,0
LOG5385,192.168.81.205,80,4852,0
LOG5386,192.168.116.200,8080,2562,0
LOG5387,192.168.173.182,22,1216,0
LOG5388,192.168.48.184,80,725,0
LOG5389,192.168.151.111,80,4479,0
LOG5390,192.168.163.136,3389,2079,0
LOG5391,192.168.78.198,8080,4094,0
LOG5392,192.168.252.20,80,1778,0
LOG5393,192.168.181.77,80,322,0
LOG5394,192.168.96.21,3389,843,0
LOG5395,192.168.52.38,3389,562,0
LOG5396,192.168.175.40,8080,1668,0
LOG5397,192.168.253.193,22,3447,0
LOG5398,192.168.41.116,22,1836,0
LOG5399,192.168.94.131,443,4139,0
LOG5400,192.168.220.68,80,4051,0
LOG5401,192.168.118.225,8080,764,0
LOG5402,192.168.188.214,80,1456,0
LOG5403,192.168.142.147,8080,1114,0
LOG5404,192.168.233.163,8080,2232,0
LOG5405,192.168.33.185,8080,2768,0
LOG5406,192.168.55.233,80,1154,0
LOG5407,192.168.139.84,3389,1864,0
LOG5408,192.168.156.61,80,4558,0
LOG5409,192.168.43.14,8080,2969,0
LOG5410,192.168.233.164,443,1512,0
LOG5411,192.168.249.60,22,767,0
LOG5412,192.168.119.5,8080,3470,0
LOG5413,192.168.91.6,443,1494,0
LOG5414,192.168.6.251,3389,198,0
LOG5415,192.168.31.118,8080,4170,0
LOG5416,192.168.12.153,443,521,0
LOG5417,192.168.254.55,8080,3750,0
LOG5418,192.168.145.51,80,4257,0
LOG5419,192.168.49.138,443,1232,0
LOG5420,192.168.83.145,80,1802,0
LOG5421,192.168.204.26,80,3720,0
LOG5422,192.168.10.244,443,3290,0
LOG5423,192.168.157.199,22,697,0
LOG5424,192.168.83.181,443,491,0
LOG5425,192.168.113.235,22,1175,0
LOG5426,192.168.72.108,8080,2750,0
LOG5427,192.168.101.245,8080,2484,0
LOG5428,192.168.73.74,443,909,0
LOG5429,192.168.24.111,8080,3409,0
LOG5430,192.168.119.217,3389,3838,0
LOG5431,192.168.84.122,80,1259,0
LOG5432,192.168.72.156,80,1631,0
LOG5433,192.168.220.199,22,2782,0
LOG5434,192.168.141.127,8080,353,0
LOG5435,192.168.218.80,22,3648,0
LOG5436,192.168.38.114,80,3285,0
LOG5437,192.168.126.191,80,1331,0
LOG5438,192.168.197.181,8080,2523,0
LOG5439,192.168.176.38,3389,3675,0
LOG5440,192.168.184.56,3389,4361,0
LOG5441,192.168.156.54,8080,1673,0
LOG5442,192.168.101.156,8080,3008,0
LOG5443,192.168.227.103,22,4812,1
LOG5444,192.168.28.43,8080,1725,0
LOG5445,192.168.64.98,3389,4098,0
LOG5446,192.168.48.203,8080,3983,0
LOG5447,192.168.27.26,22,3615,0
LOG5448,192.168.132.159,22,3503,0
LOG5449,192.168.124.197,22,4698,0
LOG5450,192.168.4.76,22,4780,0
LOG5451,192.168.145.50,443,2058,0
LOG5452,192.168.84.142,8080,4109,0
LOG5453,192.168.117.12,80,2835,0
LOG5454,192.168.80.229,8080,4591,0
LOG5455,192.168.92.65,443,3274,0
LOG5456,192.168.142.202,22,501,0
LOG5457,192.168.123.123,443,1074,0
LOG5458,192.168.118.41,3389,323,0
LOG5459,192.168.22.226,3389,4713,0
LOG5460,192.168.51.59,8080,335,0
LOG5461,192.168.170.91,8080,3598,0
LOG5462,192.168.117.114,80,4311,0
LOG5463,192.168.91.228,80,3334,1
LOG5464,192.168.45.193,3389,325,0
LOG5465,192.168.163.44,22,2377,0
LOG5466,192.168.95.110,443,4377,0
LOG5467,192.168.198.235,80,1441,0
LOG5468,192.168.194.79,80,4136,0
LOG5469,192.168.161.36,22,309,0
LOG5470,192.168.230.57,22,3827,0
LOG5471,192.168.169.195,8080,4028,0
LOG5472,192.168.171.123,443,2903,0
LOG5473,192.168.95.141,22,1209,0
LOG5474,192.168.226.0,80,2126,0
LOG5475,192.168.46.237,80,493,0
LOG5476,192.168.42.231,3389,943,0
LOG5477,192.168.81.7,22,1624,0
LOG5478,192.168.41.115,8080,703,0
LOG5479,192.168.24.65,443,681,0
LOG5480,192.168.66.121,8080,2039,0
LOG5481,192.168.246.160,80,232,0
LOG5482,192.168.156.30,8080,2938,0
LOG5483,192.168.44.163,80,3485,0
LOG5484,192.168.189.58,80,3870,0
LOG5485,192.168.64.215,80,2368,0
LOG5486,192.168.5.248,80,1075,0
LOG5487,192.168.26.192,80,1913,0
LOG5488,192.168.128.87,3389,3363,0
LOG5489,192.168.40.158,8080,1643,0
LOG5490,192.168.242.54,3389,2935,0
LOG5491,192.168.168.220,3389,2838,0
LOG5492,192.168.55.20,22,1457,0
LOG5493,192.168.156.13,22,4234,0
LOG5494,192.168.247.92,22,1416,0
LOG5495,192.168.228.184,443,261,0
LOG5496,192.168.7.91,22,2009,0
LOG5497,192.168.200.6,8080,1227,0
LOG5498,192.168.246.170,3389,3970,0
LOG5499,192.168.88.225,8080,1758,0
LOG5500,192.168.45.255,22,3225,0
LOG5501,192.168.12.81,443,2063,0
LOG5502,192.168.182.234,443,2389,0
LOG5503,192.168.56.119,3389,1066,0
LOG5504,192.168.107.141,8080,989,1
LOG5505,192.168.40.196,80,3161,0
LOG5506,192.168.95.232,8080,3729,0
LOG5507,192.168.140.234,22,3289,0
LOG5508,192.168.150.131,80,2848,0
LOG5509,192.168.12.208,443,1766,0
LOG5510,192.168.70.123,3389,3166,0
LOG5511,192.168.112.128,3389,1541,0
LOG5512,192.168.88.226,443,1167,0
LOG5513,192.168.115.193,22,4323,0
LOG5514,192.168.53.159,443,3023,0
LOG5515,192.168.144.24,22,4353,0
LOG5516,192.168.135.36,80,3956,0
LOG5517,192.168.130.119,443,926,0
LOG5518,192.168.116.136,22,4707,0
LOG5519,192.168.63.167,80,4085,0
LOG5520,192.168.29.129,443,2192,0
LOG5521,192.168.207.156,3389,3279,0
LOG5522,192.168.164.204,443,4638,0
LOG5523,192.168.86.193,8080,4001,0
LOG5524,192.168.143.239,443,2462,0
LOG5525,192.168.79.161,8080,2324,0
LOG5526,192.168.231.146,80,1826,0
LOG5527,192.168.178.19,443,2106,0
LOG5528,192.168.175.189,80,366,0
LOG5529,192.168.28.255,80,937,0
LOG5530,192.168.223.209,22,4684,1
LOG5531,192.168.172.115,80,4897,0
LOG5532,192.168.189.172,80,786,0
LOG5533,192.168.253.140,443,3461,0
LOG5534,192.168.120.92,443,456,0
LOG5535,192.168.191.31,3389,3915,1
LOG5536,192.168.77.38,22,971,0
LOG5537,192.168.211.69,80,2073,0
LOG5538,192.168.85.146,22,4747,0
LOG5539,192.168.216.235,8080,1910,0
LOG5540,192.168.40.168,80,4518,0
LOG5541,192.168.178.129,22,2741,0
LOG5542,192.168.177.30,3389,2328,0
LOG5543,192.168.65.243,3389,3491,0
LOG5544,192.168.62.165,80,4278,0
LOG5545,192.168.116.201,8080,2450,0
LOG5546,192.168.219.60,3389,4457,0
LOG5547,192.168.121.195,3389,4979,0
LOG5548,192.168.30.208,8080,2839,0
LOG5549,192.168.80.84,22,2830,0
LOG5550,192.168.181.241,3389,1418,0
LOG5551,192.168.221.50,443,1635,0
LOG5552,192.168.35.107,3389,4884,0
LOG5553,192.168.230.1,22,2543,0
LOG5554,192.168.254.208,22,1872,0
LOG5555,192.168.105.143,80,3309,1
LOG5556,192.168.66.225,443,977,0
LOG5557,192.168.243.56,22,2970,0
LOG5558,192.168.100.247,8080,3300,0
LOG5559,192.168.24.47,443,4244,0
LOG5560,192.168.166.144,443,3847,0
LOG5561,192.168.134.141,8080,2936,0
LOG5562,192.168.105.187,3389,392,0
LOG5563,192.168.76.120,8080,1751,0
LOG5564,192.168.249.135,8080,4731,0
LOG5565,192.168.184.104,3389,4506,0
LOG5566,192.168.118.213,3389,636,0
LOG5567,192.168.240.127,3389,2786,0
LOG5568,192.168.113.131,3389,333,0
LOG5569,192.168.192.94,3389,2752,0
LOG5570,192.168.92.91,8080,2474,0
LOG5571,192.168.191.110,80,2372,0
LOG5572,192.168.21.172,80,1066,0
LOG5573,192.168.112.75,22,989,0
LOG5574,192.168.97.86,80,3963,0
LOG5575,192.168.161.16,80,3500,0
LOG5576,192.168.205.101,8080,134,0
LOG5577,192.168.229.90,3389,4642,0
LOG5578,192.168.79.180,3389,3623,0
LOG5579,192.168.40.207,8080,1863,0
LOG5580,192.168.132.9,80,3391,0
LOG5581,192.168.193.49,8080,2588,0
LOG5582,192.168.15.207,22,2800,0
LOG5583,192.168.176.5,3389,1658,0
LOG5584,192.168.97.218,443,4790,0
LOG5585,192.168.42.123,22,2376,0
LOG5586,192.168.31.95,22,4106,0
LOG5587,192.168.28.93,8080,4539,0
LOG5588,192.168.15.246,80,1203,0
LOG5589,192.168.21.221,3389,1519,0
LOG5590,192.168.209.135,443,1578,0
LOG5591,192.168.77.237,22,4014,0
LOG5592,192.168.58.210,443,3842,0
LOG5593,192.168.160.154,80,3056,0
LOG5594,192.168.105.166,80,1482,0
LOG5595,192.168.79.104,443,2674,0
LOG5596,192.168.123.176,3389,3484,0
LOG5597,192.168.148.124,80,1669,0
LOG5598,192.168.6.199,443,1994,0
LOG5599,192.168.244.231,22,2343,0
LOG5600,192.168.69.105,443,1966,0
LOG5601,192.168.116.27,443,128,0
LOG5602,192.168.21.237,8080,805,0
LOG5603,192.168.7.165,80,1120,1
LOG5604,192.168.224.5,3389,2163,0
LOG5605,192.168.223.64,3389,1546,0
LOG5606,192.168.135.224,8080,3764,0
LOG5607,192.168.150.156,3389,3087,0
LOG5608,192.168.189.252,443,3702,0
LOG5609,192.168.63.163,8080,3785,0
LOG5610,192.168.202.147,22,3468,0
LOG5611,192.168.162.158,80,3681,0
LOG5612,192.168.191.151,80,2862,0
LOG5613,192.168.83.98,80,4137,0
LOG5614,192.168.80.126,443,672,0
LOG5615,192.168.196.207,22,4188,0
LOG5616,192.168.236.125,8080,714,0
LOG5617,192.168.82.100,8080,4150,0
LOG5618,192.168.59.58,80,425,0
LOG5619,192.168.19.138,22,3840,0
LOG5620,192.168.182.252,22,458,0
LOG5621,192.168.29.32,22,3877,0
LOG5622,192.168.104.209,3389,2471,0
LOG5623,192.168.2.60,3389,1821,0
LOG5624,192.168.30.11,80,1449,0
LOG5625,192.168.255.252,22,3796,0
LOG5626,192.168.50.107,22,3996,0
LOG5627,192.168.35.184,8080,4360,0
LOG5628,192.168.100.118,8080,1696,0
LOG5629,192.168.111.225,80,1727,0
LOG5630,192.168.76.111,22,2602,0
LOG5631,192.168.46.158,80,3908,0
LOG5632,192.168.172.180,8080,292,0
LOG5633,192.168.171.73,8080,2774,0
LOG5634,192.168.70.52,3389,3945,0
LOG5635,192.168.5.136,80,2677,0
LOG5636,192.168.134.109,80,191,0
LOG5637,192.168.16.171,22,4334,0
LOG5638,192.168.62.45,22,580,0
LOG5639,192.168.218.80,3389,3016,0
LOG5640,192.168.91.144,443,4535,0
LOG5641,192.168.254.12,443,1175,0
LOG5642,192.168.40.249,443,2613,0
LOG5643,192.168.173.161,80,898,0
LOG5644,192.168.151.158,80,4670,0
LOG5645,192.168.154.159,8080,4049,0
LOG5646,192.168.232.202,80,704,0
LOG5647,192.168.185.93,80,3079,0
LOG5648,192.168.92.17,80,697,0
LOG5649,192.168.148.45,3389,1632,0
LOG5650,192.168.97.143,80,613,0
LOG5651,192.168.5.174,22,1977,0
LOG5652,192.168.99.237,22,4072,0
LOG5653,192.168.165.47,8080,3943,0
LOG5654,192.168.189.111,3389,1799,0
LOG5655,192.168.46.53,22,1129,0
LOG5656,192.168.126.61,3389,4695,0
LOG5657,192.168.168.17,3389,816,0
LOG5658,192.168.158.159,8080,4186,0
LOG5659,192.168.47.142,3389,765,1
LOG5660,192.168.184.70,80,2308,0
LOG5661,192.168.23.144,3389,1179,0
LOG5662,192.168.228.116,8080,327,0
LOG5663,192.168.200.177,8080,248,0
LOG5664,192.168.41.134,8080,1169,0
LOG5665,192.168.204.32,22,4827,0
LOG5666,192.168.108.199,80,1463,0
LOG5667,192.168.245.219,22,4608,0
LOG5668,192.168.67.130,443,1855,0
LOG5669,192.168.236.73,80,619,0
LOG5670,192.168.57.89,3389,3644,0
LOG5671,192.168.39.153,8080,2422,0
LOG5672,192.168.224.171,443,1202,0
LOG5673,192.168.168.97,80,697,0
LOG5674,192.168.102.93,22,3373,0
LOG5675,192.168.186.209,8080,4149,0
LOG5676,192.168.161.37,22,2705,0
LOG5677,192.168.119.27,80,2288,0
LOG5678,192.168.104.65,80,4925,0
LOG5679,192.168.189.253,443,688,0
LOG5680,192.168.240.175,3389,4572,0
LOG5681,192.168.81.187,22,1507,0
LOG5682,192.168.160.20,443,4946,0
LOG5683,192.168.160.135,8080,4822,0
LOG5684,192.168.231.66,3389,3490,0
LOG5685,192.168.192.75,443,3540,0
LOG5686,192.168.55.189,22,1729,0
LOG5687,192.168.38.13,80,1094,0
LOG5688,192.168.101.63,8080,4898,0
LOG5689,192.168.29.122,22,2159,0
LOG5690,192.168.100.12,3389,4672,0
LOG5691,192.168.89.27,3389,3086,1
LOG5692,192.168.124.177,80,500,0
LOG5693,192.168.189.138,80,2955,0
LOG5694,192.168.239.173,8080,2324,0
LOG5695,192.168.39.145,8080,3512,0
LOG5696,192.168.6.169,80,156,0
LOG5697,192.168.223.240,80,1975,0
LOG5698,192.168.155.89,3389,4643,0
LOG5699,192.168.239.195,80,4398,0
LOG5700,192.168.201.46,443,3868,0
LOG5701,192.168.238.27,22,4933,0
LOG5702,192.168.17.9,80,4397,0
LOG5703,192.168.140.206,8080,1453,0
LOG5704,192.168.112.227,443,2510,0
LOG5705,192.168.165.66,8080,4411,0
LOG5706,192.168.84.57,443,2702,0
LOG5707,192.168.142.11,80,3034,0
LOG5708,192.168.35.117,22,122,0
LOG5709,192.168.66.137,8080,2302,0
LOG5710,192.168.15.234,443,1309,0
LOG5711,192.168.246.199,3389,2396,0
LOG5712,192.168.66.64,80,848,0
LOG5713,192.168.63.75,22,904,0
LOG5714,192.168.155.72,80,233,0
LOG5715,192.168.142.248,3389,4516,0
LOG5716,192.168.213.106,22,2537,0
LOG5717,192.168.93.126,3389,533,0
LOG5718,192.168.193.215,80,3771,0
LOG5719,192.168.93.190,443,3836,0
LOG5720,192.168.48.196,80,4139,0
LOG5721,192.168.103.130,80,2198,0
LOG5722,192.168.252.92,80,3017,0
LOG5723,192.168.44.18,8080,352,0
LOG5724,192.168.47.230,3389,4934,0
LOG5725,192.168.70.166,3389,1229,0
LOG5726,192.168.215.114,3389,3364,0
LOG5727,192.168.154.21,8080,401,0
LOG5728,192.168.217.186,443,2077,0
LOG5729,192.168.110.0,80,2863,0
LOG5730,192.168.116.151,443,4105,0
LOG5731,192.168.115.99,8080,3341,0
LOG5732,192.168.189.192,3389,3157,0
LOG5733,192.168.173.86,80,650,0
LOG5734,192.168.183.91,22,1687,0
LOG5735,192.168.181.50,22,1922,0
LOG5736,192.168.245.93,443,3317,0
LOG5737,192.168.245.177,3389,3596,0
LOG5738,192.168.164.149,22,4509,0
LOG5739,192.168.40.166,443,4379,0
LOG5740,192.168.153.244,8080,812,0
LOG5741,192.168.28.190,443,2275,0
LOG5742,192.168.22.192,443,4172,0
LOG5743,192.168.88.167,443,3949,1
LOG5744,192.168.11.139,80,2533,0
LOG5745,192.168.109.45,443,3401,0
LOG5746,192.168.34.200,443,370,1
LOG5747,192.168.114.55,80,1894,0
LOG5748,192.168.117.74,80,2562,0
LOG5749,192.168.162.35,8080,4393,0
LOG5750,192.168.194.10,3389,3494,0
LOG5751,192.168.85.60,22,1179,0
LOG5752,192.168.133.252,22,2978,0
LOG5753,192.168.231.240,443,4823,0
LOG5754,192.168.68.151,8080,703,0
LOG5755,192.168.128.239,443,1685,0
LOG5756,192.168.35.156,22,3157,0
LOG5757,192.168.197.27,80,4085,0
LOG5758,192.168.5.236,3389,4789,0
LOG5759,192.168.48.84,8080,1495,0
LOG5760,192.168.198.198,80,3788,0
LOG5761,192.168.41.88,3389,699,0
LOG5762,192.168.27.48,8080,613,0
LOG5763,192.168.124.43,8080,1166,0
LOG5764,192.168.210.87,22,2986,0
LOG5765,192.168.22.198,80,2753,0
LOG5766,192.168.179.229,8080,1188,1
LOG5767,192.168.245.214,8080,4485,0
LOG5768,192.168.162.70,3389,4964,0
LOG5769,192.168.78.95,22,2614,0
LOG5770,192.168.44.47,443,4069,0
LOG5771,192.168.224.58,22,3384,0
LOG5772,192.168.151.158,443,4666,0
LOG5773,192.168.196.216,80,2296,0
LOG5774,192.168.143.93,80,4283,0
LOG5775,192.168.207.228,8080,889,0
LOG5776,192.168.248.136,80,3575,0
LOG5777,192.168.239.8,8080,3253,0
LOG5778,192.168.35.147,22,1764,0
LOG5779,192.168.250.81,80,1409,0
LOG5780,192.168.196.19,22,964,0
LOG5781,192.168.43.50,22,3963,1
LOG5782,192.168.73.193,80,3463,0
LOG5783,192.168.122.167,22,3624,0
LOG5784,192.168.2.174,80,3886,0
LOG5785,192.168.247.183,80,123,0
LOG5786,192.168.190.134,80,3103,0
LOG5787,192.168.242.114,443,410,0
LOG5788,192.168.202.42,22,1331,0
LOG5789,192.168.138.177,3389,3888,0
LOG5790,192.168.141.87,80,2811,0
LOG5791,192.168.32.105,22,4901,0
LOG5792,192.168.182.115,8080,521,0
LOG5793,192.168.185.138,80,1873,0
LOG5794,192.168.48.90,80,3668,0
LOG5795,192.168.53.230,3389,1046,0
LOG5796,192.168.55.225,443,1286,0
LOG5797,192.168.163.57,443,1934,0
LOG5798,192.168.88.159,80,1664,0
LOG5799,192.168.93.41,22,2047,0
LOG5800,192.168.85.160,8080,1408,0
LOG5801,192.168.11.197,8080,3086,0
LOG5802,192.168.225.126,22,486,0
LOG5803,192.168.222.96,80,1261,0
LOG5804,192.168.44.141,8080,3358,0
LOG5805,192.168.39.243,443,4911,0
LOG5806,192.168.252.155,22,4033,0
LOG5807,192.168.204.9,3389,2947,0
LOG5808,192.168.222.46,80,4621,0
LOG5809,192.168.50.241,22,1539,0
LOG5810,192.168.145.99,8080,3542,0
LOG5811,192.168.226.179,80,4580,0
LOG5812,192.168.28.116,443,155,0
LOG5813,192.168.80.8,80,3424,0
LOG5814,192.168.188.120,80,205,0
LOG5815,192.168.137.203,443,3301,0
LOG5816,192.168.163.165,443,769,0
LOG5817,192.168.120.227,80,4571,0
LOG5818,192.168.255.144,443,842,0
LOG5819,192.168.127.70,22,1066,0
LOG5820,192.168.54.206,443,407,0
LOG5821,192.168.189.57,443,2238,0
LOG5822,192.168.190.151,80,3564,0
LOG5823,192.168.85.208,22,4997,0
LOG5824,192.168.224.77,3389,209,0
LOG5825,192.168.23.215,3389,3732,0
LOG5826,192.168.143.103,8080,4535,0
LOG5827,192.168.1.156,443,2015,0
LOG5828,192.168.155.136,443,4363,0
LOG5829,192.168.153.58,22,656,0
LOG5830,192.168.100.236,3389,204,0
LOG5831,192.168.197.70,8080,2147,0
LOG5832,192.168.9.31,22,245,0
LOG5833,192.168.70.150,443,2863,0
LOG5834,192.168.30.34,3389,973,0
LOG5835,192.168.73.94,8080,398,0
LOG5836,192.168.63.34,80,3338,0
LOG5837,192.168.11.13,3389,745,0
LOG5838,192.168.136.16,8080,4833,0
LOG5839,192.168.53.184,22,3178,0
LOG5840,192.168.31.72,80,2611,0
LOG5841,192.168.4.72,8080,883,0
LOG5842,192.168.29.49,8080,470,0
LOG5843,192.168.43.15,443,586,0
LOG5844,192.168.36.223,3389,2137,0
LOG5845,192.168.210.200,443,3296,0
LOG5846,192.168.180.70,80,1460,0
LOG5847,192.168.119.45,8080,4387,0
LOG5848,192.168.10.22,443,4925,1
LOG5849,192.168.83.60,3389,2361,0
LOG5850,192.168.154.139,80,2721,0
LOG5851,192.168.243.170,22,1056,0
LOG5852,192.168.48.85,443,480,0
LOG5853,192.168.92.223,80,3749,0
LOG5854,192.168.58.96,22,4993,0
LOG5855,192.168.147.110,443,338,0
LOG5856,192.168.75.230,80,1205,0
LOG5857,192.168.22.150,80,1486,0
LOG5858,192.168.179.245,443,2652,0
LOG5859,192.168.140.172,80,2349,0
LOG5860,192.168.247.87,8080,1627,0
LOG5861,192.168.73.159,443,1767,0
LOG5862,192.168.250.67,80,4232,0
LOG5863,192.168.67.40,22,2791,0
LOG5864,192.168.161.152,22,3772,0
LOG5865,192.168.104.248,8080,2096,0
LOG5866,192.168.205.220,443,1525,0
LOG5867,192.168.59.108,80,2912,1
LOG5868,192.168.183.74,80,3347,0
LOG5869,192.168.168.39,22,2692,0
LOG5870,192.168.195.39,8080,1590,0
LOG5871,192.168.41.184,22,1324,0
LOG5872,192.168.99.196,22,2687,0
LOG5873,192.168.122.205,8080,3164,0
LOG5874,192.168.67.134,443,932,0
LOG5875,192.168.241.214,80,4792,0
LOG5876,192.168.87.230,443,2540,0
LOG5877,192.168.127.197,3389,4895,0
LOG5878,192.168.6.233,3389,1746,0
LOG5879,192.168.38.32,3389,540,0
LOG5880,192.168.34.231,8080,1629,0
LOG5881,192.168.96.110,22,3065,0
LOG5882,192.168.91.14,443,2467,0
LOG5883,192.168.204.92,80,3386,0
LOG5884,192.168.131.242,3389,4763,0
LOG5885,192.168.197.28,443,4431,0
LOG5886,192.168.127.141,3389,1404,0
LOG5887,192.168.224.93,3389,3134,0
LOG5888,192.168.191.124,80,3788,0
LOG5889,192.168.131.231,8080,4073,0
LOG5890,192.168.20.215,22,1285,0
LOG5891,192.168.192.125,8080,3362,0
LOG5892,192.168.120.153,443,2207,0
LOG5893,192.168.25.213,8080,1940,0
LOG5894,192.168.154.253,443,4420,0
LOG5895,192.168.116.117,443,2847,0
LOG5896,192.168.122.22,22,4777,0
LOG5897,192.168.246.160,80,4364,0
LOG5898,192.168.152.123,22,3233,0
LOG5899,192.168.79.178,8080,3520,0
LOG5900,192.168.213.231,443,1565,0
LOG5901,192.168.133.5,3389,4209,0
LOG5902,192.168.108.18,3389,2311,0
LOG5903,192.168.187.45,443,2904,0
LOG5904,192.168.39.39,22,1643,0
LOG5905,192.168.23.167,80,1789,0
LOG5906,192.168.117.134,22,1671,0
LOG5907,192.168.157.194,443,4641,0
LOG5908,192.168.247.211,443,3379,0
LOG5909,192.168.182.102,80,3641,0
LOG5910,192.168.158.37,8080,4911,0
LOG5911,192.168.143.98,8080,3123,0
LOG5912,192.168.92.120,80,918,0
LOG5913,192.168.54.207,8080,4621,0
LOG5914,192.168.117.92,3389,1224,0
LOG5915,192.168.249.189,8080,1229,0
LOG5916,192.168.19.154,8080,1802,0
LOG5917,192.168.4.220,8080,2101,0
LOG5918,192.168.178.54,3389,3978,0
LOG5919,192.168.236.211,8080,4472,0
LOG5920,192.168.105.205,3389,1906,0
LOG5921,192.168.187.40,80,3047,0
LOG5922,192.168.221.79,22,3309,0
LOG5923,192.168.75.137,80,2252,0
LOG5924,192.168.158.118,22,4741,0
LOG5925,192.168.14.213,80,4305,0
LOG5926,192.168.150.77,22,644,0
LOG5927,192.168.26.9,22,2501,0
LOG5928,192.168.89.238,443,4938,0
LOG5929,192.168.247.249,22,2464,0
LOG5930,192.168.54.29,22,1389,0
LOG5931,192.168.243.58,443,3865,0
LOG5932,192.168.4.250,8080,1975,0
LOG5933,192.168.247.92,8080,4528,0
LOG5934,192.168.213.90,443,4787,0
LOG5935,192.168.242.179,3389,882,0
LOG5936,192.168.217.203,22,639,0
LOG5937,192.168.182.56,22,2882,0
LOG5938,192.168.120.121,443,2768,0
LOG5939,192.168.11.78,443,4814,0
LOG5940,192.168.118.223,3389,4037,0
LOG5941,192.168.209.23,8080,3056,0
LOG5942,192.168.9.164,80,3822,0
LOG5943,192.168.199.12,8080,3967,0
LOG5944,192.168.209.94,22,1933,0
LOG5945,192.168.136.201,443,2246,0
LOG5946,192.168.127.129,3389,2270,0
LOG5947,192.168.254.46,8080,3491,0
LOG5948,192.168.125.195,3389,1716,0
LOG5949,192.168.244.137,8080,4717,0
LOG5950,192.168.136.146,22,1016,1
LOG5951,192.168.231.55,80,4912,0
LOG5952,192.168.120.219,3389,2856,0
LOG5953,192.168.229.0,3389,2036,0
LOG5954,192.168.176.29,80,4142,0
LOG5955,192.168.92.152,3389,3191,0
LOG5956,192.168.83.8,3389,4755,0
LOG5957,192.168.130.138,8080,1068,0
LOG5958,192.168.49.73,8080,3464,0
LOG5959,192.168.150.29,80,3303,0
LOG5960,192.168.112.80,22,989,0
LOG5961,192.168.224.222,3389,892,0
LOG5962,192.168.222.121,22,3558,0
LOG5963,192.168.2.191,80,1081,0
LOG5964,192.168.66.18,80,3631,0
LOG5965,192.168.193.233,8080,3629,0
LOG5966,192.168.172.59,3389,901,0
LOG5967,192.168.156.146,443,142,0
LOG5968,192.168.155.148,80,3449,0
LOG5969,192.168.48.16,3389,1877,0
LOG5970,192.168.119.74,22,3301,0
LOG5971,192.168.175.163,8080,449,0
LOG5972,192.168.113.6,22,1667,0
LOG5973,192.168.199.80,80,1229,0
LOG5974,192.168.110.120,80,3059,0
LOG5975,192.168.31.129,22,3887,0
LOG5976,192.168.226.125,80,1880,0
LOG5977,192.168.30.26,3389,683,0
LOG5978,192.168.166.120,80,4627,0
LOG5979,192.168.110.100,8080,3477,0
LOG5980,192.168.10.106,3389,3501,0
LOG5981,192.168.91.221,443,3285,0
LOG5982,192.168.90.226,80,2294,0
LOG5983,192.168.161.20,80,1262,0
LOG5984,192.168.161.39,8080,398,0
LOG5985,192.168.54.73,8080,3447,0
LOG5986,192.168.164.248,22,2039,0
LOG5987,192.168.101.141,22,888,0
LOG5988,192.168.174.130,22,2989,0
LOG5989,192.168.107.204,8080,1477,0
LOG5990,192.168.97.190,22,2049,0
LOG5991,192.168.211.202,22,3372,0
LOG5992,192.168.216.87,443,977,0
LOG5993,192.168.152.65,22,3842,0
LOG5994,192.168.37.6,80,1677,0
LOG5995,192.168.98.113,8080,3239,0
LOG5996,192.168.19.119,3389,2592,0
LOG5997,192.168.89.136,443,2855,0
LOG5998,192.168.127.73,8080,2003,0
LOG5999,192.168.237.43,8080,1482,0
