frame_id,object_detected,confidence_score,is_threat
FRAME10000,cargo_ship,0.7373287688828393,0
FRAME10001,unknown,0.5065501647971039,0
FRAME10002,none,0.7007722258570401,0
FRAME10003,cargo_ship,0.8174093741456676,0
FRAME10004,boat,0.5075990820070302,0
FRAME10005,unknown,0.6376321629412595,0
FRAME10006,none,0.6018986160518011,0
FRAME10007,boat,0.5205728601656983,0
FRAME10008,boat,0.7348374440581233,0
FRAME10009,boat,0.5890444136817967,0
FRAME10010,boat,0.8641099544193762,0
FRAME10011,cargo_ship,0.9154846630440407,0
FRAME10012,cargo_ship,0.7673367395078824,0
FRAME10013,cargo_ship,0.9810365978353593,0
FRAME10014,none,0.7207345000205917,0
FRAME10015,none,0.7515504230102086,0
FRAME10016,none,0.9847166994392975,0
FRAME10017,fishing_ship,0.613458733622874,0
FRAME10018,none,0.9618475104416835,0
FRAME10019,cargo_ship,0.5209904020083654,0
FRAME10020,cargo_ship,0.7187295762289654,0
FRAME10021,fishing_ship,0.5343017209452022,0
FRAME10022,fishing_ship,0.8573250240276851,0
FRAME10023,none,0.7981203785812088,0
FRAME10024,unknown,0.8462507890991222,1
FRAME10025,fishing_ship,0.6834953959843283,0
FRAME10026,boat,0.6810461476753764,0
FRAME10027,cargo_ship,0.5222064466908384,0
FRAME10028,boat,0.6714730203695235,0
FRAME10029,cargo_ship,0.9553513171084091,0
FRAME10030,cargo_ship,0.68582100321842,1
FRAME10031,fishing_ship,0.9073701760487654,0
FRAME10032,fishing_ship,0.9127394973274676,0
FRAME10033,boat,0.6828881666258246,0
FRAME10034,cargo_ship,0.8096744533941327,0
FRAME10035,boat,0.5467320851137987,0
FRAME10036,unknown,0.5508025045597955,0
FRAME10037,boat,0.5238422551942395,1
FRAME10038,none,0.7846973957538037,0
FRAME10039,boat,0.7087747790367875,0
FRAME10040,none,0.7685358547654777,0
FRAME10041,none,0.75532586334911,0
FRAME10042,none,0.6715994656344578,0
FRAME10043,unknown,0.8319619732635017,0
FRAME10044,boat,0.8716659216490314,0
FRAME10045,boat,0.5071678468500611,0
FRAME10046,unknown,0.6015487268867503,0
FRAME10047,cargo_ship,0.849485575360835,0
FRAME10048,fishing_ship,0.6894438845905788,0
FRAME10049,boat,0.8246171340013879,0
FRAME10050,fishing_ship,0.6700117032699336,0
FRAME10051,unknown,0.6914700246415222,0
FRAME10052,cargo_ship,0.5777526481079456,0
FRAME10053,cargo_ship,0.6265331996364184,0
FRAME10054,cargo_ship,0.7966517611787177,0
FRAME10055,unknown,0.7122499245444316,0
FRAME10056,none,0.8794083146428516,1
FRAME10057,none,0.9177666279197879,0
FRAME10058,fishing_ship,0.7654067449262123,0
FRAME10059,none,0.871550973107469,0
FRAME10060,none,0.6503832114653393,0
FRAME10061,cargo_ship,0.7033358955460383,0
FRAME10062,cargo_ship,0.8492610613462472,0
FRAME10063,fishing_ship,0.689243876480345,0
FRAME10064,boat,0.7883674182279046,0
FRAME10065,fishing_ship,0.5908326617504306,1
FRAME10066,fishing_ship,0.793887944335544,0
FRAME10067,unknown,0.9221417165411778,0
FRAME10068,unknown,0.9256334235134785,0
FRAME10069,fishing_ship,0.8549287591014745,0
FRAME10070,fishing_ship,0.8654191557473018,0
FRAME10071,fishing_ship,0.7733844481238433,0
FRAME10072,none,0.7864873641812542,0
FRAME10073,unknown,0.5654887848911538,0
FRAME10074,fishing_ship,0.7174910023264376,0
FRAME10075,cargo_ship,0.7208803791043182,0
FRAME10076,cargo_ship,0.9696639394771926,0
FRAME10077,none,0.7112325626854118,0
FRAME10078,none,0.7691778960023512,0
FRAME10079,boat,0.7612931856467602,0
FRAME10080,boat,0.8120132413517203,0
FRAME10081,boat,0.866634087352629,0
FRAME10082,none,0.6102705193237273,0
FRAME10083,none,0.7590749653582335,0
FRAME10084,none,0.904699676584855,0
FRAME10085,cargo_ship,0.7269262097803806,0
FRAME10086,none,0.6364441977230508,0
FRAME10087,cargo_ship,0.8208074469245865,0
FRAME10088,boat,0.9036460239415702,0
FRAME10089,boat,0.5309387435344217,0
FRAME10090,boat,0.8806273368695412,0
FRAME10091,fishing_ship,0.9026074871512679,1
FRAME10092,fishing_ship,0.7261462345184173,0
FRAME10093,unknown,0.9818197718410491,0
FRAME10094,unknown,0.8854870869465814,0
FRAME10095,unknown,0.8790946567988762,0
FRAME10096,fishing_ship,0.8664409014619152,0
FRAME10097,fishing_ship,0.5737979705769543,0
FRAME10098,unknown,0.6064431343619753,0
FRAME10099,unknown,0.7273551644175682,0
FRAME10100,none,0.6293621314801383,1
FRAME10101,unknown,0.7034680764436798,0
FRAME10102,none,0.9353474138622311,0
FRAME10103,cargo_ship,0.9039201770208419,0
FRAME10104,fishing_ship,0.8087195404551912,1
FRAME10105,unknown,0.9204789931830407,0
FRAME10106,fishing_ship,0.8840484706184522,0
FRAME10107,fishing_ship,0.7102026166020363,1
FRAME10108,fishing_ship,0.5985219245044731,0
FRAME10109,cargo_ship,0.7519585096045762,0
FRAME10110,boat,0.8607521524389896,0
FRAME10111,unknown,0.7138456033775006,0
FRAME10112,boat,0.8267182357941096,0
FRAME10113,boat,0.5462204388826114,0
FRAME10114,boat,0.8665223208219877,1
FRAME10115,fishing_ship,0.8982296737476003,1
FRAME10116,none,0.8463505493324652,0
FRAME10117,fishing_ship,0.9739591578879191,0
FRAME10118,fishing_ship,0.9050595081557138,0
FRAME10119,boat,0.9425159266595038,0
FRAME10120,fishing_ship,0.9574498308942475,0
FRAME10121,boat,0.8926605160181662,0
FRAME10122,none,0.8303868325831846,0
FRAME10123,unknown,0.5028021048667868,0
FRAME10124,boat,0.7282546190793311,1
FRAME10125,none,0.7798695263249569,0
FRAME10126,unknown,0.6489748334995198,0
FRAME10127,cargo_ship,0.6558711789827013,0
FRAME10128,boat,0.9709681136979809,0
FRAME10129,boat,0.9369383239493454,0
FRAME10130,cargo_ship,0.9160977126958351,0
FRAME10131,cargo_ship,0.6989457828359942,0
FRAME10132,boat,0.5067122897003681,0
FRAME10133,cargo_ship,0.5393089007632998,0
FRAME10134,fishing_ship,0.6529762204266258,0
FRAME10135,unknown,0.5077140273678817,0
FRAME10136,unknown,0.5084033931384471,1
FRAME10137,unknown,0.9491356178047814,0
FRAME10138,fishing_ship,0.8460176660383365,1
FRAME10139,cargo_ship,0.6513884351333948,0
FRAME10140,none,0.564995843024467,1
FRAME10141,cargo_ship,0.7507015017685879,0
FRAME10142,boat,0.5026196188186386,0
FRAME10143,unknown,0.9598227344904906,0
FRAME10144,cargo_ship,0.7032594085005841,0
FRAME10145,none,0.6971441280662931,0
FRAME10146,boat,0.6913908677150733,0
FRAME10147,fishing_ship,0.5339708818900047,0
FRAME10148,fishing_ship,0.812777897497995,0
FRAME10149,none,0.8591717736178932,0
FRAME10150,boat,0.8313014448182623,0
FRAME10151,unknown,0.5678333917314032,0
FRAME10152,cargo_ship,0.7836316823374403,0
FRAME10153,boat,0.7790473972444043,0
FRAME10154,fishing_ship,0.9255212860912772,0
FRAME10155,none,0.685772552604067,0
FRAME10156,none,0.6820281123931228,0
FRAME10157,cargo_ship,0.803078258771911,1
FRAME10158,none,0.8102056002147614,0
FRAME10159,none,0.7299497613896373,0
FRAME10160,boat,0.7170990875419063,0
FRAME10161,unknown,0.7421323586125625,0
FRAME10162,cargo_ship,0.9219121967566228,0
FRAME10163,boat,0.7259717816144159,0
FRAME10164,unknown,0.9605665780652131,0
FRAME10165,boat,0.7469618441621998,0
FRAME10166,boat,0.9651083396586368,0
FRAME10167,none,0.9080876319158471,0
FRAME10168,unknown,0.6775913480817563,0
FRAME10169,cargo_ship,0.9231842964353418,0
FRAME10170,cargo_ship,0.5539310092585464,0
FRAME10171,unknown,0.9532731159180772,0
FRAME10172,none,0.8095053223906169,1
FRAME10173,fishing_ship,0.5266514667759324,0
FRAME10174,boat,0.8156857945888977,0
FRAME10175,none,0.9773813505309306,0
FRAME10176,unknown,0.5342023207611681,0
FRAME10177,boat,0.7717969777922422,0
FRAME10178,cargo_ship,0.8664192313820924,0
FRAME10179,fishing_ship,0.8970267074827704,0
FRAME10180,cargo_ship,0.70277545800719,0
FRAME10181,unknown,0.600041613992439,0
FRAME10182,boat,0.5207477165984681,1
FRAME10183,unknown,0.7840658169776401,0
FRAME10184,boat,0.7219264244311293,0
FRAME10185,none,0.9648847536233583,0
FRAME10186,fishing_ship,0.5296964047803058,0
FRAME10187,none,0.8358437182885428,0
FRAME10188,none,0.512233448838828,0
FRAME10189,unknown,0.584002746588166,0
FRAME10190,fishing_ship,0.7222537099621887,0
FRAME10191,boat,0.7228874969734054,0
FRAME10192,boat,0.8359932660374856,0
FRAME10193,cargo_ship,0.9460043870852007,0
FRAME10194,boat,0.8131257578683112,1
FRAME10195,unknown,0.9672321979472394,0
FRAME10196,none,0.9319916635402188,0
FRAME10197,none,0.7864048998100872,0
FRAME10198,none,0.9085580559502253,0
FRAME10199,fishing_ship,0.8148630290585807,0
FRAME10200,boat,0.5384933371526263,0
FRAME10201,unknown,0.8628767143971598,0
FRAME10202,fishing_ship,0.5465051362209996,0
FRAME10203,cargo_ship,0.7911005624791592,0
FRAME10204,unknown,0.8442937008705321,0
FRAME10205,unknown,0.5325985280233191,0
FRAME10206,unknown,0.6130893804240005,0
FRAME10207,none,0.9486793938082084,0
FRAME10208,unknown,0.8019941011941192,0
FRAME10209,boat,0.6206801492171605,0
FRAME10210,unknown,0.8384330878625232,0
FRAME10211,none,0.7924204457812278,0
FRAME10212,unknown,0.7457720929597946,0
FRAME10213,cargo_ship,0.978331617744161,0
FRAME10214,cargo_ship,0.8348923509296793,0
FRAME10215,none,0.6839661437372773,1
FRAME10216,boat,0.8920359817176653,0
FRAME10217,boat,0.933445813531382,0
FRAME10218,fishing_ship,0.5613580741632473,0
FRAME10219,none,0.5982709591441806,0
FRAME10220,unknown,0.605951234472612,0
FRAME10221,none,0.8386937865994049,1
FRAME10222,fishing_ship,0.7954893819761089,0
FRAME10223,none,0.8033058667023082,0
FRAME10224,none,0.9609789168478555,0
FRAME10225,fishing_ship,0.8801966510755799,0
FRAME10226,boat,0.5626890930107737,0
FRAME10227,unknown,0.6702784703883387,0
FRAME10228,fishing_ship,0.7133428866261105,0
FRAME10229,cargo_ship,0.6940211784863264,0
FRAME10230,boat,0.8279612184893208,0
FRAME10231,cargo_ship,0.9370276205957156,0
FRAME10232,boat,0.6499652171261661,0
FRAME10233,unknown,0.770419796846381,0
FRAME10234,unknown,0.886810616737657,0
FRAME10235,none,0.7039468488342212,0
FRAME10236,cargo_ship,0.582377882915655,0
FRAME10237,boat,0.7327259729792366,0
FRAME10238,unknown,0.5270590351640839,0
FRAME10239,fishing_ship,0.9617678924611157,0
FRAME10240,unknown,0.5366623905455368,0
FRAME10241,fishing_ship,0.7148437904727833,0
FRAME10242,boat,0.7596418179333778,0
FRAME10243,unknown,0.9827988778207699,0
FRAME10244,unknown,0.5813506935850018,0
FRAME10245,boat,0.5560714441200557,0
FRAME10246,unknown,0.5042660120606464,0
FRAME10247,fishing_ship,0.5762300040659581,0
FRAME10248,unknown,0.6015637597431571,0
FRAME10249,cargo_ship,0.8089846613757152,0
FRAME10250,none,0.6076563272917862,0
FRAME10251,fishing_ship,0.5100551992173693,0
FRAME10252,cargo_ship,0.9050429892962195,0
FRAME10253,boat,0.6791418934919438,0
FRAME10254,fishing_ship,0.6733113764245596,0
FRAME10255,none,0.648214724292284,0
FRAME10256,none,0.9779329058017462,0
FRAME10257,boat,0.5833565544815479,0
FRAME10258,boat,0.9401366513370852,0
FRAME10259,fishing_ship,0.8806336327485451,0
FRAME10260,unknown,0.5374751781946634,0
FRAME10261,boat,0.9834972597354159,0
FRAME10262,unknown,0.6329693221341152,0
FRAME10263,cargo_ship,0.548305634240982,0
FRAME10264,none,0.9063639747216221,0
FRAME10265,unknown,0.8462710115020728,0
FRAME10266,none,0.8024372148801714,0
FRAME10267,unknown,0.5764306232124773,0
FRAME10268,cargo_ship,0.7344630969654213,0
FRAME10269,boat,0.8824724531747348,0
FRAME10270,cargo_ship,0.6487757296904817,0
FRAME10271,boat,0.6527280159723703,0
FRAME10272,boat,0.5015390439635798,0
FRAME10273,none,0.585379266806236,0
FRAME10274,cargo_ship,0.9289487563096988,0
FRAME10275,unknown,0.7164557809024765,0
FRAME10276,cargo_ship,0.9822749046248727,0
FRAME10277,none,0.6938969021511583,0
FRAME10278,boat,0.8504413628423182,0
FRAME10279,none,0.6381403310233172,0
FRAME10280,fishing_ship,0.6782667241590574,0
FRAME10281,fishing_ship,0.5934557339195383,0
FRAME10282,unknown,0.6700605605647035,0
FRAME10283,none,0.7681463850061151,0
FRAME10284,unknown,0.9859687116798321,1
FRAME10285,unknown,0.825458839405175,0
FRAME10286,fishing_ship,0.5976305176600739,0
FRAME10287,unknown,0.52203110637986,0
FRAME10288,fishing_ship,0.5619146758441101,0
FRAME10289,boat,0.7756520486237932,1
FRAME10290,none,0.8749285611202156,0
FRAME10291,unknown,0.960805411577366,0
FRAME10292,fishing_ship,0.5077533542784421,0
FRAME10293,cargo_ship,0.7561524693653162,1
FRAME10294,unknown,0.7307250045493566,0
FRAME10295,boat,0.8214669607680949,0
FRAME10296,boat,0.7741936386880175,0
FRAME10297,cargo_ship,0.8366491837854155,0
FRAME10298,fishing_ship,0.8224604665271033,0
FRAME10299,unknown,0.5573357451803936,0
FRAME10300,fishing_ship,0.8918617776731725,0
FRAME10301,boat,0.5603839621009992,0
FRAME10302,fishing_ship,0.8422800063524771,0
FRAME10303,boat,0.7039112301438972,0
FRAME10304,fishing_ship,0.751786859942533,0
FRAME10305,cargo_ship,0.9426160270440982,1
FRAME10306,none,0.9360430259720084,0
FRAME10307,cargo_ship,0.9007495897709645,0
FRAME10308,cargo_ship,0.7499727064235984,0
FRAME10309,none,0.8607575069655782,0
FRAME10310,none,0.7513195572042166,0
FRAME10311,unknown,0.926106980412641,0
FRAME10312,unknown,0.6973601582841209,0
FRAME10313,cargo_ship,0.9754153187632897,0
FRAME10314,cargo_ship,0.95683815153215,0
FRAME10315,boat,0.8633852835313749,0
FRAME10316,boat,0.6369137832462752,0
FRAME10317,unknown,0.5645102585086966,1
FRAME10318,unknown,0.9188046905456668,0
FRAME10319,boat,0.580998120207601,0
FRAME10320,boat,0.9185877866086944,0
FRAME10321,fishing_ship,0.7404748532890566,0
FRAME10322,fishing_ship,0.6992128240659711,0
FRAME10323,boat,0.9425634816288703,0
FRAME10324,fishing_ship,0.7958869814447362,0
FRAME10325,none,0.7825408634935618,0
FRAME10326,unknown,0.7737953128659548,0
FRAME10327,unknown,0.6818730628495704,0
FRAME10328,boat,0.8849651207292724,1
FRAME10329,cargo_ship,0.6238712375677288,0
FRAME10330,boat,0.9600585304202247,0
FRAME10331,fishing_ship,0.9380527504730107,0
FRAME10332,cargo_ship,0.6653653595807001,0
FRAME10333,fishing_ship,0.8574372472175152,0
FRAME10334,none,0.7808793652802999,0
FRAME10335,fishing_ship,0.665448157979625,1
FRAME10336,none,0.9843756075177689,0
FRAME10337,none,0.5123662994656495,0
FRAME10338,fishing_ship,0.6237965550044304,0
FRAME10339,fishing_ship,0.7548362899444636,1
FRAME10340,none,0.7557569717044963,0
FRAME10341,cargo_ship,0.7885772067233264,0
FRAME10342,none,0.8683213242912304,0
FRAME10343,unknown,0.8055041369544552,0
FRAME10344,none,0.7941379156587381,0
FRAME10345,cargo_ship,0.5262220868273912,0
FRAME10346,unknown,0.6844998410167562,0
FRAME10347,boat,0.6137073124535665,0
FRAME10348,boat,0.630031354684968,0
FRAME10349,cargo_ship,0.771625362426769,0
FRAME10350,none,0.5977576043155082,0
FRAME10351,fishing_ship,0.6440350594982798,0
FRAME10352,cargo_ship,0.6161715071734967,0
FRAME10353,unknown,0.9647664421769154,0
FRAME10354,unknown,0.9628862087638366,0
FRAME10355,boat,0.7988713637120654,1
FRAME10356,unknown,0.9530160096786309,0
FRAME10357,cargo_ship,0.8850481962795028,0
FRAME10358,unknown,0.7890744625728863,0
FRAME10359,cargo_ship,0.5031532536334299,0
FRAME10360,fishing_ship,0.8785329801789079,1
FRAME10361,boat,0.8442192873783497,0
FRAME10362,unknown,0.8014742901083829,0
FRAME10363,cargo_ship,0.8726079127244111,0
FRAME10364,none,0.7513318607396352,0
FRAME10365,boat,0.8450008029474562,0
FRAME10366,fishing_ship,0.9582343224959817,0
FRAME10367,cargo_ship,0.6841444577645823,0
FRAME10368,fishing_ship,0.8469796991013064,1
FRAME10369,fishing_ship,0.7330870308253697,0
FRAME10370,unknown,0.8304558293888509,0
FRAME10371,unknown,0.8738177344216385,0
FRAME10372,cargo_ship,0.52227172521354,0
FRAME10373,none,0.8168342175348443,0
FRAME10374,cargo_ship,0.6111031803594028,0
FRAME10375,none,0.8283159435257077,0
FRAME10376,fishing_ship,0.7294817911075686,0
FRAME10377,boat,0.8790408435137947,0
FRAME10378,cargo_ship,0.5604663994507423,0
FRAME10379,cargo_ship,0.8068979523115356,0
FRAME10380,none,0.6364506571745007,1
FRAME10381,fishing_ship,0.9179611777119898,1
FRAME10382,fishing_ship,0.9549079177617906,1
FRAME10383,none,0.9882351639027371,0
FRAME10384,fishing_ship,0.8900436271893688,0
FRAME10385,unknown,0.8693296945097222,0
FRAME10386,boat,0.6055953718451,1
FRAME10387,cargo_ship,0.6646434589051533,0
FRAME10388,boat,0.7281844454635169,0
FRAME10389,cargo_ship,0.8789567134133023,0
FRAME10390,unknown,0.9483332738882047,0
FRAME10391,fishing_ship,0.5926781590112624,0
FRAME10392,none,0.9519600674883504,0
FRAME10393,unknown,0.8408560796534884,0
FRAME10394,boat,0.7992776580356689,0
FRAME10395,none,0.5979222229281503,0
FRAME10396,fishing_ship,0.5272072660764837,0
FRAME10397,unknown,0.7785478002688906,0
FRAME10398,none,0.8192426848311574,0
FRAME10399,unknown,0.6032829101837972,0
FRAME10400,unknown,0.7726635408544736,0
FRAME10401,fishing_ship,0.919681767353661,1
FRAME10402,cargo_ship,0.9091823132729597,0
FRAME10403,none,0.9544040384872856,1
FRAME10404,fishing_ship,0.6792840466828713,1
FRAME10405,unknown,0.6558442905499502,0
FRAME10406,fishing_ship,0.8672187429305962,0
FRAME10407,cargo_ship,0.7112450784975324,0
FRAME10408,none,0.5428988453736125,0
FRAME10409,cargo_ship,0.6385725540285448,0
FRAME10410,boat,0.7051053199104297,0
FRAME10411,none,0.6433330484833635,0
FRAME10412,cargo_ship,0.6627807297641876,0
FRAME10413,unknown,0.6439501940254515,0
FRAME10414,none,0.5203345919197089,0
FRAME10415,none,0.8121764034039769,0
FRAME10416,fishing_ship,0.7926732859732,0
FRAME10417,unknown,0.8201579142545534,0
FRAME10418,boat,0.5942318490564774,0
FRAME10419,cargo_ship,0.6448707253901178,0
FRAME10420,fishing_ship,0.8036118042030119,0
FRAME10421,cargo_ship,0.7938175085453615,0
FRAME10422,boat,0.7481018515835912,0
FRAME10423,boat,0.6717024925049967,0
FRAME10424,none,0.947336192339598,0
FRAME10425,boat,0.6664874187264335,0
FRAME10426,cargo_ship,0.7232533866542533,0
FRAME10427,unknown,0.8322757771675623,0
FRAME10428,unknown,0.7660805011247145,0
FRAME10429,none,0.669974128418549,0
FRAME10430,cargo_ship,0.7134659473236898,1
FRAME10431,cargo_ship,0.889295600748218,0
FRAME10432,boat,0.6362832861884401,0
FRAME10433,cargo_ship,0.5697050674906395,0
FRAME10434,fishing_ship,0.6534499688965908,0
FRAME10435,boat,0.9162717655890716,0
FRAME10436,fishing_ship,0.5436049602796098,0
FRAME10437,none,0.9859310759525014,0
FRAME10438,unknown,0.7650914204745547,0
FRAME10439,none,0.9825744145438761,0
FRAME10440,unknown,0.9601082468221289,0
FRAME10441,none,0.7218787199633492,0
FRAME10442,cargo_ship,0.597260626556621,0
FRAME10443,fishing_ship,0.5807935405169178,0
FRAME10444,unknown,0.6175947882962791,0
FRAME10445,boat,0.8479649938766233,0
FRAME10446,fishing_ship,0.633745497418429,0
FRAME10447,boat,0.6672983821061061,0
FRAME10448,fishing_ship,0.7199016139573613,0
FRAME10449,fishing_ship,0.9474840134065137,0
FRAME10450,none,0.5928027747635746,0
FRAME10451,unknown,0.5024630107788035,0
FRAME10452,unknown,0.5294472410853034,0
FRAME10453,fishing_ship,0.9433355074232578,0
FRAME10454,cargo_ship,0.8172830677732479,0
FRAME10455,cargo_ship,0.6337899034706254,0
FRAME10456,boat,0.5868243254954837,0
FRAME10457,boat,0.644190700952186,0
FRAME10458,none,0.5562504943531272,0
FRAME10459,fishing_ship,0.9613511260393761,1
FRAME10460,boat,0.8842610254389808,0
FRAME10461,boat,0.726571676687145,0
FRAME10462,fishing_ship,0.9238316765064489,0
FRAME10463,none,0.6222345201036839,0
FRAME10464,boat,0.8513890785513748,0
FRAME10465,none,0.9195049245167343,0
FRAME10466,unknown,0.6748166686954036,0
FRAME10467,none,0.8711575782708516,0
FRAME10468,cargo_ship,0.6445854511395116,0
FRAME10469,cargo_ship,0.646439996276925,0
FRAME10470,none,0.5524580174915512,0
FRAME10471,cargo_ship,0.7156284427896054,0
FRAME10472,unknown,0.8575588341837369,0
FRAME10473,fishing_ship,0.9607081947299296,0
FRAME10474,cargo_ship,0.7958605260452571,0
FRAME10475,cargo_ship,0.9229364134905121,0
FRAME10476,none,0.9030223781522113,0
FRAME10477,unknown,0.5849380959578876,0
FRAME10478,fishing_ship,0.7380505401671894,0
FRAME10479,none,0.5572925324074418,0
FRAME10480,none,0.8342550491652011,0
FRAME10481,unknown,0.9654508374405772,0
FRAME10482,fishing_ship,0.5671738344585907,0
FRAME10483,unknown,0.8596027340932453,0
FRAME10484,fishing_ship,0.8097966939252519,0
FRAME10485,unknown,0.7859664681339689,0
FRAME10486,none,0.6911589149972862,0
FRAME10487,none,0.6740145073993682,0
FRAME10488,boat,0.5221721026192551,1
FRAME10489,cargo_ship,0.6067752670434866,0
FRAME10490,unknown,0.5074366723205452,0
FRAME10491,boat,0.7848943817351901,1
FRAME10492,cargo_ship,0.5518680855801753,0
FRAME10493,unknown,0.9277795030745608,1
FRAME10494,fishing_ship,0.7563400801416109,1
FRAME10495,cargo_ship,0.8428480554387672,0
FRAME10496,none,0.7013199750018433,0
FRAME10497,boat,0.7746841064105139,0
FRAME10498,cargo_ship,0.961902996713649,0
FRAME10499,cargo_ship,0.5405396794155987,0
FRAME10500,none,0.6244295082426111,0
FRAME10501,unknown,0.8821942801861666,0
FRAME10502,fishing_ship,0.5483812313725063,0
FRAME10503,none,0.5370739409130143,1
FRAME10504,fishing_ship,0.6771552853894789,0
FRAME10505,unknown,0.5451622996514919,0
FRAME10506,cargo_ship,0.7866884366810395,0
FRAME10507,fishing_ship,0.6108748729001339,0
FRAME10508,boat,0.9388920019676925,0
FRAME10509,boat,0.8839150396141757,0
FRAME10510,none,0.8428555509887433,1
FRAME10511,unknown,0.8023025734184059,0
FRAME10512,none,0.9230982078673171,0
FRAME10513,none,0.6093004101559508,0
FRAME10514,none,0.9278233329544715,1
FRAME10515,boat,0.8868512262277857,0
FRAME10516,boat,0.866598804929966,0
FRAME10517,none,0.7750152822567128,0
FRAME10518,boat,0.620659638875594,0
FRAME10519,unknown,0.7075384788360293,0
FRAME10520,none,0.8888496207240129,0
FRAME10521,boat,0.515571457335089,0
FRAME10522,fishing_ship,0.8832048769392415,0
FRAME10523,none,0.6176346628389076,0
FRAME10524,none,0.5707115083535855,0
FRAME10525,unknown,0.556693645908348,0
FRAME10526,cargo_ship,0.5133525058558994,0
FRAME10527,cargo_ship,0.756557377758512,0
FRAME10528,unknown,0.6069473376199275,0
FRAME10529,unknown,0.9848215652320195,0
FRAME10530,unknown,0.7814740103773808,0
FRAME10531,cargo_ship,0.5675637819844451,0
FRAME10532,unknown,0.837493644997569,0
FRAME10533,boat,0.9398943475897654,0
FRAME10534,none,0.865137952731111,0
FRAME10535,none,0.5374555319093294,1
FRAME10536,fishing_ship,0.9389832487844032,0
FRAME10537,fishing_ship,0.8890253990713828,0
FRAME10538,none,0.577568911051751,0
FRAME10539,boat,0.5253750854790803,1
FRAME10540,cargo_ship,0.7730821819040112,0
FRAME10541,cargo_ship,0.5764575475565887,0
FRAME10542,boat,0.9089495667716834,0
FRAME10543,cargo_ship,0.6755839817691202,0
FRAME10544,unknown,0.9473172979209219,0
FRAME10545,none,0.7771872043490928,0
FRAME10546,none,0.5895094682774373,0
FRAME10547,boat,0.568403445006302,0
FRAME10548,cargo_ship,0.7824714944032993,0
FRAME10549,fishing_ship,0.8733229698125975,0
FRAME10550,fishing_ship,0.8829377673936692,0
FRAME10551,cargo_ship,0.6351211281762278,0
FRAME10552,fishing_ship,0.6000809118669621,0
FRAME10553,boat,0.5082105892012674,0
FRAME10554,boat,0.8328075840885729,0
FRAME10555,cargo_ship,0.5375184466324341,1
FRAME10556,fishing_ship,0.7061729888653037,0
FRAME10557,boat,0.794824260368965,0
FRAME10558,boat,0.9591833830106418,1
FRAME10559,unknown,0.6527830471083267,0
FRAME10560,unknown,0.6223883595987947,0
FRAME10561,boat,0.8205384756001882,0
FRAME10562,cargo_ship,0.8034271257062551,0
FRAME10563,none,0.6627337938209811,0
FRAME10564,none,0.9547698993997954,0
FRAME10565,boat,0.91398254046992,0
FRAME10566,boat,0.6097514474738898,0
FRAME10567,boat,0.6171798472629164,0
FRAME10568,cargo_ship,0.7510271699746696,0
FRAME10569,unknown,0.879050329848053,0
FRAME10570,boat,0.5215797859003476,0
FRAME10571,boat,0.8397342253300062,0
FRAME10572,fishing_ship,0.8176355897172275,0
FRAME10573,cargo_ship,0.6134252469973642,0
FRAME10574,boat,0.8338629764882609,0
FRAME10575,fishing_ship,0.9606897637135206,0
FRAME10576,none,0.5229250640361666,0
FRAME10577,boat,0.6566295070931106,0
FRAME10578,boat,0.714706591166514,1
FRAME10579,fishing_ship,0.9406375758730978,0
FRAME10580,cargo_ship,0.9715081088384867,0
FRAME10581,boat,0.7176164707832028,0
FRAME10582,none,0.8675139219496737,1
FRAME10583,boat,0.7605139016445966,0
FRAME10584,none,0.7635136380232745,0
FRAME10585,unknown,0.6362687623825146,0
FRAME10586,unknown,0.606308560473301,0
FRAME10587,none,0.6411226195027802,0
FRAME10588,cargo_ship,0.7726007235559689,0
FRAME10589,boat,0.5142860411508237,1
FRAME10590,boat,0.9445519827346388,0
FRAME10591,unknown,0.5765790176793903,0
FRAME10592,none,0.6078434516669794,1
FRAME10593,boat,0.7539553264593467,0
FRAME10594,boat,0.8479562355052669,0
FRAME10595,cargo_ship,0.5469072368247547,0
FRAME10596,fishing_ship,0.6556704017981094,0
FRAME10597,unknown,0.974650556731435,0
FRAME10598,unknown,0.6285480537226634,0
FRAME10599,fishing_ship,0.6533945710809419,0
FRAME10600,boat,0.9098842604028364,0
FRAME10601,cargo_ship,0.524605071528323,0
FRAME10602,cargo_ship,0.7276604527163957,0
FRAME10603,unknown,0.6860122145813184,0
FRAME10604,cargo_ship,0.655127512355239,0
FRAME10605,fishing_ship,0.6399928010819347,0
FRAME10606,boat,0.5447733113816005,0
FRAME10607,fishing_ship,0.6542646563823079,0
FRAME10608,none,0.5210956773306776,0
FRAME10609,unknown,0.8826722931857733,0
FRAME10610,cargo_ship,0.6951316190394257,0
FRAME10611,none,0.7175128778367567,0
FRAME10612,cargo_ship,0.9378613473605645,0
FRAME10613,boat,0.8224469420919982,0
FRAME10614,boat,0.5039489606376387,0
FRAME10615,boat,0.9621556632510296,0
FRAME10616,cargo_ship,0.6162007883290785,0
FRAME10617,none,0.5527309505323308,0
FRAME10618,boat,0.8763828074066322,0
FRAME10619,none,0.7452338847746919,0
FRAME10620,cargo_ship,0.7125475773488286,0
FRAME10621,none,0.6222565090445434,0
FRAME10622,cargo_ship,0.7682610300325361,0
FRAME10623,cargo_ship,0.6344484565492678,0
FRAME10624,unknown,0.9417756725906631,0
FRAME10625,cargo_ship,0.6054501950692645,0
FRAME10626,cargo_ship,0.9333340237233192,0
FRAME10627,fishing_ship,0.774108658606405,0
FRAME10628,boat,0.9059591856086681,0
FRAME10629,unknown,0.8492945379718679,0
FRAME10630,unknown,0.8413806046040068,0
FRAME10631,unknown,0.6589294457705773,0
FRAME10632,fishing_ship,0.6146094964213797,0
FRAME10633,cargo_ship,0.6033342515635862,0
FRAME10634,boat,0.9200239119591984,0
FRAME10635,none,0.9020091419269198,0
FRAME10636,cargo_ship,0.7158810287260305,0
FRAME10637,fishing_ship,0.5648782606132627,0
FRAME10638,cargo_ship,0.6873036034689546,0
FRAME10639,cargo_ship,0.8034782925270866,0
FRAME10640,fishing_ship,0.7226575456951769,0
FRAME10641,unknown,0.8822927415566675,0
FRAME10642,unknown,0.9888351829031788,0
FRAME10643,boat,0.5936547233399594,0
FRAME10644,boat,0.7252289016331905,0
FRAME10645,unknown,0.7111821119412027,0
FRAME10646,none,0.6492013410469859,0
FRAME10647,cargo_ship,0.5970668031929419,0
FRAME10648,none,0.532189137079933,0
FRAME10649,cargo_ship,0.9346884654396121,0
FRAME10650,unknown,0.7057258618662956,0
FRAME10651,boat,0.743478804065024,0
FRAME10652,boat,0.9493016036184487,1
FRAME10653,none,0.8803823339828144,0
FRAME10654,boat,0.5639456194174203,0
FRAME10655,unknown,0.7770557841277937,0
FRAME10656,none,0.716703615494584,0
FRAME10657,cargo_ship,0.8906334255635937,0
FRAME10658,boat,0.8548739483298551,0
FRAME10659,fishing_ship,0.8382988037364252,0
FRAME10660,boat,0.6668669693851494,1
FRAME10661,cargo_ship,0.8944322278956347,0
FRAME10662,none,0.525671734841482,0
FRAME10663,cargo_ship,0.5782162017017619,0
FRAME10664,fishing_ship,0.6644554037591768,0
FRAME10665,unknown,0.5376356461239479,0
FRAME10666,boat,0.6151471959919989,0
FRAME10667,none,0.9067739816689799,0
FRAME10668,unknown,0.9646432535171389,0
FRAME10669,cargo_ship,0.6492551543293533,0
FRAME10670,none,0.6296127439545307,0
FRAME10671,unknown,0.6371473996007492,0
FRAME10672,none,0.6360823528019135,0
FRAME10673,fishing_ship,0.5176057892711268,0
FRAME10674,fishing_ship,0.954189009702243,0
FRAME10675,boat,0.6047120893694609,0
FRAME10676,boat,0.7058019962998884,0
FRAME10677,fishing_ship,0.5047465725430742,0
FRAME10678,none,0.920397994548378,0
FRAME10679,fishing_ship,0.8582670987829094,0
FRAME10680,boat,0.9639104572351146,0
FRAME10681,fishing_ship,0.8829915848062355,0
FRAME10682,fishing_ship,0.653716190905512,0
FRAME10683,none,0.6214579457769276,0
FRAME10684,unknown,0.8418809907011136,0
FRAME10685,boat,0.6784152597551447,0
FRAME10686,none,0.7774453577187821,0
FRAME10687,fishing_ship,0.5030661608029704,0
FRAME10688,fishing_ship,0.5303239938234329,1
FRAME10689,unknown,0.7623302911790091,0
FRAME10690,boat,0.7773751067596009,0
FRAME10691,boat,0.8682119427850783,0
FRAME10692,cargo_ship,0.5646630066157412,0
FRAME10693,boat,0.7514597110408217,0
FRAME10694,unknown,0.5952793457715274,0
FRAME10695,cargo_ship,0.5456660985857203,0
FRAME10696,cargo_ship,0.7011429390896717,0
FRAME10697,fishing_ship,0.5800349575636381,0
FRAME10698,fishing_ship,0.6086731693142361,0
FRAME10699,boat,0.6556017441360559,0
FRAME10700,cargo_ship,0.6271003163641662,0
FRAME10701,fishing_ship,0.5429197357289137,0
FRAME10702,unknown,0.5440589599812541,0
FRAME10703,fishing_ship,0.5946922134647424,1
FRAME10704,fishing_ship,0.5247740021001741,0
FRAME10705,cargo_ship,0.8069639396416943,0
FRAME10706,cargo_ship,0.640790091089362,0
FRAME10707,none,0.6370755242068448,0
FRAME10708,unknown,0.662679164176505,0
FRAME10709,cargo_ship,0.8247701743627636,1
FRAME10710,boat,0.9266106019269104,0
FRAME10711,unknown,0.8719525969522628,0
FRAME10712,unknown,0.8564893228102965,0
FRAME10713,cargo_ship,0.7373516809444162,0
FRAME10714,unknown,0.8399647229140317,0
FRAME10715,cargo_ship,0.7708535603364557,0
FRAME10716,fishing_ship,0.6059627588113992,0
FRAME10717,none,0.6022083001931149,0
FRAME10718,fishing_ship,0.6452320833688889,0
FRAME10719,cargo_ship,0.9462933087752086,0
FRAME10720,cargo_ship,0.7682332717860656,0
FRAME10721,fishing_ship,0.859613634730916,0
FRAME10722,boat,0.6698137923101083,0
FRAME10723,boat,0.6997807276259603,0
FRAME10724,boat,0.5615271335322531,0
FRAME10725,cargo_ship,0.5839345293326185,0
FRAME10726,unknown,0.9054047118648113,0
FRAME10727,cargo_ship,0.7865709295275523,0
FRAME10728,unknown,0.6653909082830712,0
FRAME10729,fishing_ship,0.8933970924078175,0
FRAME10730,none,0.6207947537626116,0
FRAME10731,unknown,0.9782560223140999,0
FRAME10732,boat,0.6689606277956232,0
FRAME10733,cargo_ship,0.6652823675341015,0
FRAME10734,fishing_ship,0.6528368337129855,0
FRAME10735,boat,0.5598346428029011,0
FRAME10736,fishing_ship,0.5544572021926861,1
FRAME10737,none,0.8175714669217204,0
FRAME10738,cargo_ship,0.928807841833443,0
FRAME10739,cargo_ship,0.88735505003312,0
FRAME10740,none,0.569142721070462,0
FRAME10741,cargo_ship,0.7673352396781126,0
FRAME10742,unknown,0.5517398575285536,0
FRAME10743,fishing_ship,0.5221943753704079,0
FRAME10744,boat,0.8216290710985359,0
FRAME10745,none,0.7622246435033717,0
FRAME10746,unknown,0.5401916057536207,0
FRAME10747,boat,0.5171202307389343,0
FRAME10748,boat,0.9849806425705739,0
FRAME10749,none,0.5147104527530452,0
FRAME10750,unknown,0.7178188439945782,0
FRAME10751,boat,0.7472633220577708,0
FRAME10752,boat,0.557467272422218,0
FRAME10753,unknown,0.582840271435461,0
FRAME10754,cargo_ship,0.6723844531410728,0
FRAME10755,boat,0.8732211793446947,0
FRAME10756,fishing_ship,0.7484703877895307,0
FRAME10757,unknown,0.8125719185309512,0
FRAME10758,boat,0.9827355319944306,0
FRAME10759,none,0.8763226633034726,0
FRAME10760,fishing_ship,0.7128371340891967,0
FRAME10761,boat,0.7187565416803089,0
FRAME10762,fishing_ship,0.8031983177500924,0
FRAME10763,fishing_ship,0.8260289521252631,0
FRAME10764,cargo_ship,0.745348353659969,0
FRAME10765,fishing_ship,0.8159819991793402,0
FRAME10766,cargo_ship,0.5115309222629084,0
FRAME10767,unknown,0.7105152033094536,0
FRAME10768,cargo_ship,0.6366796572760036,0
FRAME10769,none,0.5632954781691241,0
FRAME10770,boat,0.5487777912762998,0
FRAME10771,unknown,0.795564161151187,0
FRAME10772,unknown,0.7565642681047797,0
FRAME10773,none,0.6242562173282209,0
FRAME10774,cargo_ship,0.7307655287985321,0
FRAME10775,boat,0.74119383443938,0
FRAME10776,cargo_ship,0.5955544004149218,0
FRAME10777,fishing_ship,0.8195256003220088,0
FRAME10778,cargo_ship,0.8826504846291843,0
FRAME10779,unknown,0.8878171350358643,0
FRAME10780,boat,0.795210217044693,0
FRAME10781,cargo_ship,0.7507029054343168,0
FRAME10782,boat,0.5298935000726435,0
FRAME10783,boat,0.6410373364372869,0
FRAME10784,fishing_ship,0.5457030089213033,0
FRAME10785,fishing_ship,0.972273348830452,0
FRAME10786,unknown,0.5661892716506227,0
FRAME10787,none,0.57436995082704,0
FRAME10788,boat,0.9358925429819411,0
FRAME10789,none,0.9625248589034643,0
FRAME10790,unknown,0.8752562292251058,0
FRAME10791,boat,0.5026484125996082,0
FRAME10792,boat,0.5006596727687163,0
FRAME10793,none,0.6852693771958509,0
FRAME10794,cargo_ship,0.5702637313053374,0
FRAME10795,fishing_ship,0.5090092096542826,0
FRAME10796,cargo_ship,0.7273926778082073,0
FRAME10797,none,0.9621003297294161,0
FRAME10798,fishing_ship,0.6586715917021914,0
FRAME10799,cargo_ship,0.8239589324300614,0
FRAME10800,fishing_ship,0.819595323034896,0
FRAME10801,boat,0.6230292507959322,0
FRAME10802,cargo_ship,0.8187083719236935,0
FRAME10803,fishing_ship,0.6040436474005767,0
FRAME10804,fishing_ship,0.5597836326526756,1
FRAME10805,fishing_ship,0.8436778099242481,0
FRAME10806,cargo_ship,0.5555860003809192,0
FRAME10807,unknown,0.9884855171087841,0
FRAME10808,cargo_ship,0.5898916765636124,0
FRAME10809,none,0.7911295127506641,0
FRAME10810,cargo_ship,0.7015735399921688,0
FRAME10811,fishing_ship,0.5619293469787768,0
FRAME10812,boat,0.5136435147129326,1
FRAME10813,cargo_ship,0.8051388183234883,0
FRAME10814,cargo_ship,0.8953112062566717,0
FRAME10815,fishing_ship,0.9125876741383045,0
FRAME10816,boat,0.7365296018076979,0
FRAME10817,boat,0.880953178919369,0
FRAME10818,none,0.8296950954093869,0
FRAME10819,cargo_ship,0.8548847184745753,0
FRAME10820,boat,0.7413735125586889,0
FRAME10821,boat,0.8103717527186423,0
FRAME10822,unknown,0.8947076976522679,0
FRAME10823,unknown,0.6949632460229413,0
FRAME10824,boat,0.8949296614251161,0
FRAME10825,none,0.7900882529666409,1
FRAME10826,boat,0.5812915019416852,0
FRAME10827,fishing_ship,0.5120952370400464,0
FRAME10828,cargo_ship,0.6777492641955845,0
FRAME10829,none,0.7678812008652065,0
FRAME10830,fishing_ship,0.9115119725797093,0
FRAME10831,none,0.5624679832687206,0
FRAME10832,fishing_ship,0.8921011103649538,0
FRAME10833,cargo_ship,0.9228744325729412,0
FRAME10834,cargo_ship,0.5738368686304085,0
FRAME10835,unknown,0.9172812164590674,0
FRAME10836,fishing_ship,0.9858122482429681,0
FRAME10837,unknown,0.8561510272136363,0
FRAME10838,fishing_ship,0.8845371440942441,0
FRAME10839,unknown,0.987263481103848,0
FRAME10840,cargo_ship,0.7966858127577132,0
FRAME10841,none,0.6508643271879622,0
FRAME10842,unknown,0.9103901086972672,0
FRAME10843,fishing_ship,0.8010980309806993,0
FRAME10844,fishing_ship,0.7847857576232686,0
FRAME10845,cargo_ship,0.6242814222018788,0
FRAME10846,fishing_ship,0.8706037920956144,0
FRAME10847,boat,0.5400169651714471,0
FRAME10848,none,0.9529006646893841,0
FRAME10849,unknown,0.6596534957775375,1
FRAME10850,none,0.5626095798670954,0
FRAME10851,cargo_ship,0.7167596012201852,0
FRAME10852,unknown,0.5208102555357013,0
FRAME10853,unknown,0.8354668351898336,0
FRAME10854,boat,0.9423257001182246,0
FRAME10855,cargo_ship,0.9102588734978693,0
FRAME10856,fishing_ship,0.5624110419894617,0
FRAME10857,boat,0.5618728571827886,0
FRAME10858,boat,0.8985828963388893,0
FRAME10859,none,0.9528845945555269,0
FRAME10860,none,0.7257282166184097,0
FRAME10861,none,0.7444958472877453,0
FRAME10862,boat,0.6559484002790057,0
FRAME10863,fishing_ship,0.9381899079456428,0
FRAME10864,unknown,0.8160024235932544,0
FRAME10865,none,0.6412432728120105,0
FRAME10866,fishing_ship,0.6464036068165833,0
FRAME10867,cargo_ship,0.9366880358011651,0
FRAME10868,none,0.5066806717138526,0
FRAME10869,unknown,0.6581360206360528,0
FRAME10870,cargo_ship,0.7716347737960209,0
FRAME10871,cargo_ship,0.5726265564286691,0
FRAME10872,unknown,0.545128389557799,0
FRAME10873,none,0.8994854022343743,0
FRAME10874,boat,0.9382581504377685,0
FRAME10875,unknown,0.9035671461911128,0
FRAME10876,unknown,0.9404060659713004,0
FRAME10877,unknown,0.7710248658186021,1
FRAME10878,cargo_ship,0.8980064792852676,1
FRAME10879,fishing_ship,0.6881808928116392,0
FRAME10880,boat,0.8264712521247288,0
FRAME10881,none,0.9845294103806905,0
FRAME10882,none,0.6106065846811725,0
FRAME10883,fishing_ship,0.6910508756826295,0
FRAME10884,unknown,0.735223214881942,1
FRAME10885,boat,0.5676275886398253,0
FRAME10886,none,0.5397089191278778,1
FRAME10887,none,0.9065642044975959,0
FRAME10888,unknown,0.9786292426855172,0
FRAME10889,fishing_ship,0.6983152812765328,0
FRAME10890,boat,0.5429484197353801,0
FRAME10891,fishing_ship,0.5322477627383825,0
FRAME10892,fishing_ship,0.9367459211165463,0
FRAME10893,boat,0.7272689823665631,0
FRAME10894,boat,0.656813385115572,0
FRAME10895,none,0.7334660229073058,0
FRAME10896,none,0.6559690063992502,0
FRAME10897,boat,0.7396275299007338,0
FRAME10898,cargo_ship,0.9211826344897891,0
FRAME10899,none,0.7902276718204269,1
FRAME10900,cargo_ship,0.8403803486769859,0
FRAME10901,boat,0.6786886313548249,0
FRAME10902,none,0.8618678804701542,0
FRAME10903,fishing_ship,0.8266423715908924,0
FRAME10904,boat,0.5585853788985077,0
FRAME10905,unknown,0.7805949980266365,0
FRAME10906,cargo_ship,0.6258043131917814,0
FRAME10907,boat,0.8940068781204604,0
FRAME10908,boat,0.7087094771488003,0
FRAME10909,none,0.9873952409462787,1
FRAME10910,none,0.5453252145900922,1
FRAME10911,none,0.8823704527426777,0
FRAME10912,unknown,0.8301138494356566,0
FRAME10913,none,0.8760744269894456,0
FRAME10914,boat,0.6506895997903236,0
FRAME10915,none,0.7411066997973763,0
FRAME10916,fishing_ship,0.8902891746646171,0
FRAME10917,none,0.6139452524942189,1
FRAME10918,unknown,0.6107562664264395,1
FRAME10919,fishing_ship,0.7700149671145169,0
FRAME10920,boat,0.7565461539696293,0
FRAME10921,boat,0.6383086105023371,0
FRAME10922,cargo_ship,0.6460570687571632,0
FRAME10923,fishing_ship,0.636144129971217,0
FRAME10924,cargo_ship,0.878040910379259,0
FRAME10925,fishing_ship,0.8194314241256058,0
FRAME10926,fishing_ship,0.9078844198710239,0
FRAME10927,unknown,0.9779817838738707,0
FRAME10928,cargo_ship,0.7323405051732733,0
FRAME10929,unknown,0.5326800018886699,0
FRAME10930,fishing_ship,0.5235652321018973,0
FRAME10931,boat,0.6448758692430934,0
FRAME10932,fishing_ship,0.9569468487827009,0
FRAME10933,unknown,0.7563743969357286,0
FRAME10934,cargo_ship,0.6331753928792633,0
FRAME10935,cargo_ship,0.6955917293103996,1
FRAME10936,unknown,0.7933116026282887,0
FRAME10937,cargo_ship,0.8199453324875428,0
FRAME10938,none,0.5754205597936235,0
FRAME10939,boat,0.9787455215071362,0
FRAME10940,boat,0.7669383912215666,0
FRAME10941,boat,0.5664872757182169,1
FRAME10942,cargo_ship,0.9378812741396054,0
FRAME10943,cargo_ship,0.5365728312289201,0
FRAME10944,fishing_ship,0.9447903622569812,0
FRAME10945,fishing_ship,0.9883171715816014,0
FRAME10946,boat,0.843211581586687,0
FRAME10947,none,0.877519138326255,0
FRAME10948,fishing_ship,0.6652783898690683,0
FRAME10949,fishing_ship,0.9613726578396276,0
FRAME10950,cargo_ship,0.7595598433931001,0
FRAME10951,none,0.8588703388328018,0
FRAME10952,boat,0.952812780796527,1
FRAME10953,fishing_ship,0.9778381882279991,0
FRAME10954,none,0.9082701347323705,0
FRAME10955,none,0.6484785784211947,0
FRAME10956,boat,0.9736082831105204,0
FRAME10957,none,0.8077785703093502,0
FRAME10958,none,0.9560148134124603,0
FRAME10959,none,0.8312914626490324,0
FRAME10960,fishing_ship,0.650547091305383,0
FRAME10961,boat,0.6813120168299798,0
FRAME10962,none,0.7697311707804408,0
FRAME10963,none,0.8871072723643422,0
FRAME10964,fishing_ship,0.6558114501567641,0
FRAME10965,boat,0.7840682714057541,1
FRAME10966,cargo_ship,0.6693562468524368,0
FRAME10967,fishing_ship,0.8997270082712026,0
FRAME10968,boat,0.7286967659462957,0
FRAME10969,none,0.5375941851579138,0
FRAME10970,boat,0.5813657355259528,0
FRAME10971,boat,0.5299412871336198,1
FRAME10972,boat,0.7446584435470194,0
FRAME10973,cargo_ship,0.5521052757006313,0
FRAME10974,boat,0.5559285849617197,0
FRAME10975,cargo_ship,0.9611136474188047,0
FRAME10976,none,0.9276009853662672,0
FRAME10977,cargo_ship,0.7215224324375693,0
FRAME10978,none,0.9830446072166008,0
FRAME10979,none,0.500091398803625,0
FRAME10980,cargo_ship,0.800849933573963,0
FRAME10981,fishing_ship,0.8020498069122164,0
FRAME10982,unknown,0.7241470973762452,0
FRAME10983,boat,0.6945045067378035,0
FRAME10984,unknown,0.7231377363854977,0
FRAME10985,boat,0.7033306136790434,0
FRAME10986,boat,0.8579413139663268,0
FRAME10987,none,0.5663241631369091,0
FRAME10988,boat,0.5968432180896538,0
FRAME10989,boat,0.5884539319122876,0
FRAME10990,cargo_ship,0.6286105867094196,1
FRAME10991,unknown,0.7573766252029759,0
FRAME10992,cargo_ship,0.5544922861957272,0
FRAME10993,boat,0.925402954709987,0
FRAME10994,none,0.6457071503411514,0
FRAME10995,cargo_ship,0.5796436138596668,0
FRAME10996,cargo_ship,0.8310544417031391,0
FRAME10997,fishing_ship,0.5186622872936665,0
FRAME10998,boat,0.8037845967883405,0
FRAME10999,none,0.8421172310314848,0
